,Jahr,Rechtsgrundlagen,Value
0,2000,"Art.116 Abs.2 S.1 GG, Frühere deutsche Staatsang.",1144
1,2000,Art.2 d. Gesetzes z. Vermind. der Staatenlosigkeit,50
2,2000,Sonstige nicht mehr anwendbare Rechtsgrl. (b.2010),0
3,2000,"§10 Abs.1 StAG, Aufenthalt in Deutschland",0
4,2000,"§10 Abs.2 StAG, Ehegatte, minderjährige Kinder",0
5,2000,§10 Abs.3 S.1 StAG (i.V.m.§10 Abs.1 StAG) (b.2023),0
6,2000,§10 Abs.3 S.2 StAG (i.V.m.§10 Abs.1 StAG) (b.2023),0
7,2000,§10 Abs.3 StAG (i.V.m. § 10 Abs.1 StAG),0
8,2000,"§11 StAngRegG, Dt. Volkszugeh. im Inland (b.2010)",11
9,2000,"§12 Abs.1 StAngRegG,Frühere dt.Staatsang. (b.2010)",6
10,2000,"§13 StAG, Ehemalige Deutsche im Ausland lebend",21
11,2000,"§14 StAG, Ausl.m.Bindungen an Dtl., i.Ausl.lebend",12
12,2000,§15 StAG Bundesbeamte im Ausland (bis 2004),1
13,2000,"§15 StAG, Wiedergutmachungseinbürg.nach Verfolgung",0
14,2000,"§16 Abs.2 StAG, ausl.minderjährige Kinder (b.2007)",507
15,2000,"§21 HAuslG, Heimatlose Ausländer",294
16,2000,"§40b StAG, Übergangsregelung für Kinder",20181
17,2000,"§40c StAG, Übergangsreg. b. Anträgen b. 30.03.2007",0
18,2000,"§6 (1.StaRegG), Aussiedler/Spätaussiedler (b.1999)",0
19,2000,"§8 RuStAG, Einbürgerung von Ausländern (bis 1999)",0
20,2000,"§8 StAG, Niederlassung in Deutschland auf Dauer",15440
21,2000,"§8 StAngRegG,Dt.Volkszugehörige im Inland (b.2004)",119
22,2000,"§85 Abs.1 AuslG, Aufenth.i.Deutschl.>=8 J.(b.2004)",53635
23,2000,"§85 Abs.2 AuslG, Ehegatte u. mindj.Kinder (b.2004)",19606
24,2000,"§85 AuslG, alte Fass., junge Ausländer (bis 2004)",11604
25,2000,"§86 Abs.1 AuslG, a.F., langer Aufenth.i.D.(b.2004)",28070
26,2000,"§86 Abs.2 AuslG, a.F., Ehegatte u. Kinder (b.2004)",22649
27,2000,"§9 Abs.1 StAngRegG, Dt.Volksz. im Ausland (b.2004)",533
28,2000,"§9 Abs.2 StAngRegG, Dt.Volksz. im Ausland (b.2004)",9
29,2000,"§9 RuStAG, Ehegatten Deutscher (bis 1999)",0
30,2000,"§9 StAG, Ehe- oder Lebenspartner ist Deutscher",12780
31,2000,"§9 StAngRegG, Dt. Volkszugeh. im Ausland (b.2004)",0
32,2001,"Art.116 Abs.2 S.1 GG, Frühere deutsche Staatsang.",1716
33,2001,Art.2 d. Gesetzes z. Vermind. der Staatenlosigkeit,30
34,2001,Sonstige nicht mehr anwendbare Rechtsgrl. (b.2010),0
35,2001,"§10 Abs.1 StAG, Aufenthalt in Deutschland",0
36,2001,"§10 Abs.2 StAG, Ehegatte, minderjährige Kinder",0
37,2001,§10 Abs.3 S.1 StAG (i.V.m.§10 Abs.1 StAG) (b.2023),0
38,2001,§10 Abs.3 S.2 StAG (i.V.m.§10 Abs.1 StAG) (b.2023),0
39,2001,§10 Abs.3 StAG (i.V.m. § 10 Abs.1 StAG),0
40,2001,"§11 StAngRegG, Dt. Volkszugeh. im Inland (b.2010)",3
41,2001,"§12 Abs.1 StAngRegG,Frühere dt.Staatsang. (b.2010)",3
42,2001,"§13 StAG, Ehemalige Deutsche im Ausland lebend",35
43,2001,"§14 StAG, Ausl.m.Bindungen an Dtl., i.Ausl.lebend",29
44,2001,§15 StAG Bundesbeamte im Ausland (bis 2004),2
45,2001,"§15 StAG, Wiedergutmachungseinbürg.nach Verfolgung",0
46,2001,"§16 Abs.2 StAG, ausl.minderjährige Kinder (b.2007)",356
47,2001,"§21 HAuslG, Heimatlose Ausländer",200
48,2001,"§40b StAG, Übergangsregelung für Kinder",23403
49,2001,"§40c StAG, Übergangsreg. b. Anträgen b. 30.03.2007",0
50,2001,"§6 (1.StaRegG), Aussiedler/Spätaussiedler (b.1999)",0
51,2001,"§8 RuStAG, Einbürgerung von Ausländern (bis 1999)",0
52,2001,"§8 StAG, Niederlassung in Deutschland auf Dauer",10212
53,2001,"§8 StAngRegG,Dt.Volkszugehörige im Inland (b.2004)",99
54,2001,"§85 Abs.1 AuslG, Aufenth.i.Deutschl.>=8 J.(b.2004)",74643
55,2001,"§85 Abs.2 AuslG, Ehegatte u. mindj.Kinder (b.2004)",27173
56,2001,"§85 AuslG, alte Fass., junge Ausländer (bis 2004)",5324
57,2001,"§86 Abs.1 AuslG, a.F., langer Aufenth.i.D.(b.2004)",12987
58,2001,"§86 Abs.2 AuslG, a.F., Ehegatte u. Kinder (b.2004)",9046
59,2001,"§9 Abs.1 StAngRegG, Dt.Volksz. im Ausland (b.2004)",89
60,2001,"§9 Abs.2 StAngRegG, Dt.Volksz. im Ausland (b.2004)",9
61,2001,"§9 RuStAG, Ehegatten Deutscher (bis 1999)",0
62,2001,"§9 StAG, Ehe- oder Lebenspartner ist Deutscher",12739
63,2001,"§9 StAngRegG, Dt. Volkszugeh. im Ausland (b.2004)",0
64,2002,"Art.116 Abs.2 S.1 GG, Frühere deutsche Staatsang.",2075
65,2002,Art.2 d. Gesetzes z. Vermind. der Staatenlosigkeit,15
66,2002,Sonstige nicht mehr anwendbare Rechtsgrl. (b.2010),0
67,2002,"§10 Abs.1 StAG, Aufenthalt in Deutschland",0
68,2002,"§10 Abs.2 StAG, Ehegatte, minderjährige Kinder",0
69,2002,§10 Abs.3 S.1 StAG (i.V.m.§10 Abs.1 StAG) (b.2023),0
70,2002,§10 Abs.3 S.2 StAG (i.V.m.§10 Abs.1 StAG) (b.2023),0
71,2002,§10 Abs.3 StAG (i.V.m. § 10 Abs.1 StAG),0
72,2002,"§11 StAngRegG, Dt. Volkszugeh. im Inland (b.2010)",3
73,2002,"§12 Abs.1 StAngRegG,Frühere dt.Staatsang. (b.2010)",4
74,2002,"§13 StAG, Ehemalige Deutsche im Ausland lebend",102
75,2002,"§14 StAG, Ausl.m.Bindungen an Dtl., i.Ausl.lebend",45
76,2002,§15 StAG Bundesbeamte im Ausland (bis 2004),0
77,2002,"§15 StAG, Wiedergutmachungseinbürg.nach Verfolgung",0
78,2002,"§16 Abs.2 StAG, ausl.minderjährige Kinder (b.2007)",288
79,2002,"§21 HAuslG, Heimatlose Ausländer",166
80,2002,"§40b StAG, Übergangsregelung für Kinder",4377
81,2002,"§40c StAG, Übergangsreg. b. Anträgen b. 30.03.2007",0
82,2002,"§6 (1.StaRegG), Aussiedler/Spätaussiedler (b.1999)",0
83,2002,"§8 RuStAG, Einbürgerung von Ausländern (bis 1999)",0
84,2002,"§8 StAG, Niederlassung in Deutschland auf Dauer",8848
85,2002,"§8 StAngRegG,Dt.Volkszugehörige im Inland (b.2004)",57
86,2002,"§85 Abs.1 AuslG, Aufenth.i.Deutschl.>=8 J.(b.2004)",82788
87,2002,"§85 Abs.2 AuslG, Ehegatte u. mindj.Kinder (b.2004)",26957
88,2002,"§85 AuslG, alte Fass., junge Ausländer (bis 2004)",3379
89,2002,"§86 Abs.1 AuslG, a.F., langer Aufenth.i.D.(b.2004)",9178
90,2002,"§86 Abs.2 AuslG, a.F., Ehegatte u. Kinder (b.2004)",4139
91,2002,"§9 Abs.1 StAngRegG, Dt.Volksz. im Ausland (b.2004)",49
92,2002,"§9 Abs.2 StAngRegG, Dt.Volksz. im Ausland (b.2004)",11
93,2002,"§9 RuStAG, Ehegatten Deutscher (bis 1999)",0
94,2002,"§9 StAG, Ehe- oder Lebenspartner ist Deutscher",12066
95,2002,"§9 StAngRegG, Dt. Volkszugeh. im Ausland (b.2004)",0
96,2003,"Art.116 Abs.2 S.1 GG, Frühere deutsche Staatsang.",3677
97,2003,Art.2 d. Gesetzes z. Vermind. der Staatenlosigkeit,26
98,2003,Sonstige nicht mehr anwendbare Rechtsgrl. (b.2010),0
99,2003,"§10 Abs.1 StAG, Aufenthalt in Deutschland",0
100,2003,"§10 Abs.2 StAG, Ehegatte, minderjährige Kinder",0
101,2003,§10 Abs.3 S.1 StAG (i.V.m.§10 Abs.1 StAG) (b.2023),0
102,2003,§10 Abs.3 S.2 StAG (i.V.m.§10 Abs.1 StAG) (b.2023),0
103,2003,§10 Abs.3 StAG (i.V.m. § 10 Abs.1 StAG),0
104,2003,"§11 StAngRegG, Dt. Volkszugeh. im Inland (b.2010)",2
105,2003,"§12 Abs.1 StAngRegG,Frühere dt.Staatsang. (b.2010)",12
106,2003,"§13 StAG, Ehemalige Deutsche im Ausland lebend",133
107,2003,"§14 StAG, Ausl.m.Bindungen an Dtl., i.Ausl.lebend",67
108,2003,§15 StAG Bundesbeamte im Ausland (bis 2004),1
109,2003,"§15 StAG, Wiedergutmachungseinbürg.nach Verfolgung",0
110,2003,"§16 Abs.2 StAG, ausl.minderjährige Kinder (b.2007)",140
111,2003,"§21 HAuslG, Heimatlose Ausländer",138
112,2003,"§40b StAG, Übergangsregelung für Kinder",731
113,2003,"§40c StAG, Übergangsreg. b. Anträgen b. 30.03.2007",0
114,2003,"§6 (1.StaRegG), Aussiedler/Spätaussiedler (b.1999)",0
115,2003,"§8 RuStAG, Einbürgerung von Ausländern (bis 1999)",0
116,2003,"§8 StAG, Niederlassung in Deutschland auf Dauer",7738
117,2003,"§8 StAngRegG,Dt.Volkszugehörige im Inland (b.2004)",60
118,2003,"§85 Abs.1 AuslG, Aufenth.i.Deutschl.>=8 J.(b.2004)",86290
119,2003,"§85 Abs.2 AuslG, Ehegatte u. mindj.Kinder (b.2004)",25136
120,2003,"§85 AuslG, alte Fass., junge Ausländer (bis 2004)",993
121,2003,"§86 Abs.1 AuslG, a.F., langer Aufenth.i.D.(b.2004)",2769
122,2003,"§86 Abs.2 AuslG, a.F., Ehegatte u. Kinder (b.2004)",1445
123,2003,"§9 Abs.1 StAngRegG, Dt.Volksz. im Ausland (b.2004)",42
124,2003,"§9 Abs.2 StAngRegG, Dt.Volksz. im Ausland (b.2004)",7
125,2003,"§9 RuStAG, Ehegatten Deutscher (bis 1999)",0
126,2003,"§9 StAG, Ehe- oder Lebenspartner ist Deutscher",11324
127,2003,"§9 StAngRegG, Dt. Volkszugeh. im Ausland (b.2004)",0
128,2004,"Art.116 Abs.2 S.1 GG, Frühere deutsche Staatsang.",3809
129,2004,Art.2 d. Gesetzes z. Vermind. der Staatenlosigkeit,51
130,2004,Sonstige nicht mehr anwendbare Rechtsgrl. (b.2010),0
131,2004,"§10 Abs.1 StAG, Aufenthalt in Deutschland",0
132,2004,"§10 Abs.2 StAG, Ehegatte, minderjährige Kinder",0
133,2004,§10 Abs.3 S.1 StAG (i.V.m.§10 Abs.1 StAG) (b.2023),0
134,2004,§10 Abs.3 S.2 StAG (i.V.m.§10 Abs.1 StAG) (b.2023),0
135,2004,§10 Abs.3 StAG (i.V.m. § 10 Abs.1 StAG),0
136,2004,"§11 StAngRegG, Dt. Volkszugeh. im Inland (b.2010)",3
137,2004,"§12 Abs.1 StAngRegG,Frühere dt.Staatsang. (b.2010)",23
138,2004,"§13 StAG, Ehemalige Deutsche im Ausland lebend",122
139,2004,"§14 StAG, Ausl.m.Bindungen an Dtl., i.Ausl.lebend",90
140,2004,§15 StAG Bundesbeamte im Ausland (bis 2004),0
141,2004,"§15 StAG, Wiedergutmachungseinbürg.nach Verfolgung",0
142,2004,"§16 Abs.2 StAG, ausl.minderjährige Kinder (b.2007)",91
143,2004,"§21 HAuslG, Heimatlose Ausländer",116
144,2004,"§40b StAG, Übergangsregelung für Kinder",299
145,2004,"§40c StAG, Übergangsreg. b. Anträgen b. 30.03.2007",0
146,2004,"§6 (1.StaRegG), Aussiedler/Spätaussiedler (b.1999)",0
147,2004,"§8 RuStAG, Einbürgerung von Ausländern (bis 1999)",0
148,2004,"§8 StAG, Niederlassung in Deutschland auf Dauer",6286
149,2004,"§8 StAngRegG,Dt.Volkszugehörige im Inland (b.2004)",28
150,2004,"§85 Abs.1 AuslG, Aufenth.i.Deutschl.>=8 J.(b.2004)",82957
151,2004,"§85 Abs.2 AuslG, Ehegatte u. mindj.Kinder (b.2004)",19929
152,2004,"§85 AuslG, alte Fass., junge Ausländer (bis 2004)",490
153,2004,"§86 Abs.1 AuslG, a.F., langer Aufenth.i.D.(b.2004)",1418
154,2004,"§86 Abs.2 AuslG, a.F., Ehegatte u. Kinder (b.2004)",603
155,2004,"§9 Abs.1 StAngRegG, Dt.Volksz. im Ausland (b.2004)",23
156,2004,"§9 Abs.2 StAngRegG, Dt.Volksz. im Ausland (b.2004)",5
157,2004,"§9 RuStAG, Ehegatten Deutscher (bis 1999)",0
158,2004,"§9 StAG, Ehe- oder Lebenspartner ist Deutscher",10810
159,2004,"§9 StAngRegG, Dt. Volkszugeh. im Ausland (b.2004)",0
160,2005,"Art.116 Abs.2 S.1 GG, Frühere deutsche Staatsang.",3515
161,2005,Art.2 d. Gesetzes z. Vermind. der Staatenlosigkeit,115
162,2005,Sonstige nicht mehr anwendbare Rechtsgrl. (b.2010),0
163,2005,"§10 Abs.1 StAG, Aufenthalt in Deutschland",77091
164,2005,"§10 Abs.2 StAG, Ehegatte, minderjährige Kinder",17326
165,2005,§10 Abs.3 S.1 StAG (i.V.m.§10 Abs.1 StAG) (b.2023),0
166,2005,§10 Abs.3 S.2 StAG (i.V.m.§10 Abs.1 StAG) (b.2023),0
167,2005,§10 Abs.3 StAG (i.V.m. § 10 Abs.1 StAG),77
168,2005,"§11 StAngRegG, Dt. Volkszugeh. im Inland (b.2010)",6
169,2005,"§12 Abs.1 StAngRegG,Frühere dt.Staatsang. (b.2010)",20
170,2005,"§13 StAG, Ehemalige Deutsche im Ausland lebend",138
171,2005,"§14 StAG, Ausl.m.Bindungen an Dtl., i.Ausl.lebend",73
172,2005,§15 StAG Bundesbeamte im Ausland (bis 2004),0
173,2005,"§15 StAG, Wiedergutmachungseinbürg.nach Verfolgung",0
174,2005,"§16 Abs.2 StAG, ausl.minderjährige Kinder (b.2007)",217
175,2005,"§21 HAuslG, Heimatlose Ausländer",111
176,2005,"§40b StAG, Übergangsregelung für Kinder",96
177,2005,"§40c StAG, Übergangsreg. b. Anträgen b. 30.03.2007",1103
178,2005,"§6 (1.StaRegG), Aussiedler/Spätaussiedler (b.1999)",0
179,2005,"§8 RuStAG, Einbürgerung von Ausländern (bis 1999)",0
180,2005,"§8 StAG, Niederlassung in Deutschland auf Dauer",5509
181,2005,"§8 StAngRegG,Dt.Volkszugehörige im Inland (b.2004)",0
182,2005,"§85 Abs.1 AuslG, Aufenth.i.Deutschl.>=8 J.(b.2004)",0
183,2005,"§85 Abs.2 AuslG, Ehegatte u. mindj.Kinder (b.2004)",0
184,2005,"§85 AuslG, alte Fass., junge Ausländer (bis 2004)",0
185,2005,"§86 Abs.1 AuslG, a.F., langer Aufenth.i.D.(b.2004)",0
186,2005,"§86 Abs.2 AuslG, a.F., Ehegatte u. Kinder (b.2004)",0
187,2005,"§9 Abs.1 StAngRegG, Dt.Volksz. im Ausland (b.2004)",0
188,2005,"§9 Abs.2 StAngRegG, Dt.Volksz. im Ausland (b.2004)",0
189,2005,"§9 RuStAG, Ehegatten Deutscher (bis 1999)",0
190,2005,"§9 StAG, Ehe- oder Lebenspartner ist Deutscher",11819
191,2005,"§9 StAngRegG, Dt. Volkszugeh. im Ausland (b.2004)",25
192,2006,"Art.116 Abs.2 S.1 GG, Frühere deutsche Staatsang.",5139
193,2006,Art.2 d. Gesetzes z. Vermind. der Staatenlosigkeit,164
194,2006,Sonstige nicht mehr anwendbare Rechtsgrl. (b.2010),0
195,2006,"§10 Abs.1 StAG, Aufenthalt in Deutschland",83178
196,2006,"§10 Abs.2 StAG, Ehegatte, minderjährige Kinder",16558
197,2006,§10 Abs.3 S.1 StAG (i.V.m.§10 Abs.1 StAG) (b.2023),0
198,2006,§10 Abs.3 S.2 StAG (i.V.m.§10 Abs.1 StAG) (b.2023),0
199,2006,§10 Abs.3 StAG (i.V.m. § 10 Abs.1 StAG),76
200,2006,"§11 StAngRegG, Dt. Volkszugeh. im Inland (b.2010)",9
201,2006,"§12 Abs.1 StAngRegG,Frühere dt.Staatsang. (b.2010)",6
202,2006,"§13 StAG, Ehemalige Deutsche im Ausland lebend",100
203,2006,"§14 StAG, Ausl.m.Bindungen an Dtl., i.Ausl.lebend",69
204,2006,§15 StAG Bundesbeamte im Ausland (bis 2004),0
205,2006,"§15 StAG, Wiedergutmachungseinbürg.nach Verfolgung",0
206,2006,"§16 Abs.2 StAG, ausl.minderjährige Kinder (b.2007)",192
207,2006,"§21 HAuslG, Heimatlose Ausländer",100
208,2006,"§40b StAG, Übergangsregelung für Kinder",36
209,2006,"§40c StAG, Übergangsreg. b. Anträgen b. 30.03.2007",635
210,2006,"§6 (1.StaRegG), Aussiedler/Spätaussiedler (b.1999)",0
211,2006,"§8 RuStAG, Einbürgerung von Ausländern (bis 1999)",0
212,2006,"§8 StAG, Niederlassung in Deutschland auf Dauer",6431
213,2006,"§8 StAngRegG,Dt.Volkszugehörige im Inland (b.2004)",0
214,2006,"§85 Abs.1 AuslG, Aufenth.i.Deutschl.>=8 J.(b.2004)",0
215,2006,"§85 Abs.2 AuslG, Ehegatte u. mindj.Kinder (b.2004)",0
216,2006,"§85 AuslG, alte Fass., junge Ausländer (bis 2004)",0
217,2006,"§86 Abs.1 AuslG, a.F., langer Aufenth.i.D.(b.2004)",0
218,2006,"§86 Abs.2 AuslG, a.F., Ehegatte u. Kinder (b.2004)",0
219,2006,"§9 Abs.1 StAngRegG, Dt.Volksz. im Ausland (b.2004)",0
220,2006,"§9 Abs.2 StAngRegG, Dt.Volksz. im Ausland (b.2004)",0
221,2006,"§9 RuStAG, Ehegatten Deutscher (bis 1999)",0
222,2006,"§9 StAG, Ehe- oder Lebenspartner ist Deutscher",11854
223,2006,"§9 StAngRegG, Dt. Volkszugeh. im Ausland (b.2004)",19
224,2007,"Art.116 Abs.2 S.1 GG, Frühere deutsche Staatsang.",3067
225,2007,Art.2 d. Gesetzes z. Vermind. der Staatenlosigkeit,397
226,2007,Sonstige nicht mehr anwendbare Rechtsgrl. (b.2010),0
227,2007,"§10 Abs.1 StAG, Aufenthalt in Deutschland",77326
228,2007,"§10 Abs.2 StAG, Ehegatte, minderjährige Kinder",14072
229,2007,§10 Abs.3 S.1 StAG (i.V.m.§10 Abs.1 StAG) (b.2023),0
230,2007,§10 Abs.3 S.2 StAG (i.V.m.§10 Abs.1 StAG) (b.2023),0
231,2007,§10 Abs.3 StAG (i.V.m. § 10 Abs.1 StAG),257
232,2007,"§11 StAngRegG, Dt. Volkszugeh. im Inland (b.2010)",5
233,2007,"§12 Abs.1 StAngRegG,Frühere dt.Staatsang. (b.2010)",19
234,2007,"§13 StAG, Ehemalige Deutsche im Ausland lebend",77
235,2007,"§14 StAG, Ausl.m.Bindungen an Dtl., i.Ausl.lebend",54
236,2007,§15 StAG Bundesbeamte im Ausland (bis 2004),0
237,2007,"§15 StAG, Wiedergutmachungseinbürg.nach Verfolgung",0
238,2007,"§16 Abs.2 StAG, ausl.minderjährige Kinder (b.2007)",115
239,2007,"§21 HAuslG, Heimatlose Ausländer",110
240,2007,"§40b StAG, Übergangsregelung für Kinder",48
241,2007,"§40c StAG, Übergangsreg. b. Anträgen b. 30.03.2007",524
242,2007,"§6 (1.StaRegG), Aussiedler/Spätaussiedler (b.1999)",0
243,2007,"§8 RuStAG, Einbürgerung von Ausländern (bis 1999)",0
244,2007,"§8 StAG, Niederlassung in Deutschland auf Dauer",6221
245,2007,"§8 StAngRegG,Dt.Volkszugehörige im Inland (b.2004)",0
246,2007,"§85 Abs.1 AuslG, Aufenth.i.Deutschl.>=8 J.(b.2004)",0
247,2007,"§85 Abs.2 AuslG, Ehegatte u. mindj.Kinder (b.2004)",0
248,2007,"§85 AuslG, alte Fass., junge Ausländer (bis 2004)",0
249,2007,"§86 Abs.1 AuslG, a.F., langer Aufenth.i.D.(b.2004)",0
250,2007,"§86 Abs.2 AuslG, a.F., Ehegatte u. Kinder (b.2004)",0
251,2007,"§9 Abs.1 StAngRegG, Dt.Volksz. im Ausland (b.2004)",0
252,2007,"§9 Abs.2 StAngRegG, Dt.Volksz. im Ausland (b.2004)",0
253,2007,"§9 RuStAG, Ehegatten Deutscher (bis 1999)",0
254,2007,"§9 StAG, Ehe- oder Lebenspartner ist Deutscher",10705
255,2007,"§9 StAngRegG, Dt. Volkszugeh. im Ausland (b.2004)",33
256,2008,"Art.116 Abs.2 S.1 GG, Frühere deutsche Staatsang.",2864
257,2008,Art.2 d. Gesetzes z. Vermind. der Staatenlosigkeit,277
258,2008,Sonstige nicht mehr anwendbare Rechtsgrl. (b.2010),0
259,2008,"§10 Abs.1 StAG, Aufenthalt in Deutschland",66014
260,2008,"§10 Abs.2 StAG, Ehegatte, minderjährige Kinder",10704
261,2008,§10 Abs.3 S.1 StAG (i.V.m.§10 Abs.1 StAG) (b.2023),0
262,2008,§10 Abs.3 S.2 StAG (i.V.m.§10 Abs.1 StAG) (b.2023),0
263,2008,§10 Abs.3 StAG (i.V.m. § 10 Abs.1 StAG),715
264,2008,"§11 StAngRegG, Dt. Volkszugeh. im Inland (b.2010)",5
265,2008,"§12 Abs.1 StAngRegG,Frühere dt.Staatsang. (b.2010)",10
266,2008,"§13 StAG, Ehemalige Deutsche im Ausland lebend",89
267,2008,"§14 StAG, Ausl.m.Bindungen an Dtl., i.Ausl.lebend",38
268,2008,§15 StAG Bundesbeamte im Ausland (bis 2004),0
269,2008,"§15 StAG, Wiedergutmachungseinbürg.nach Verfolgung",0
270,2008,"§16 Abs.2 StAG, ausl.minderjährige Kinder (b.2007)",0
271,2008,"§21 HAuslG, Heimatlose Ausländer",85
272,2008,"§40b StAG, Übergangsregelung für Kinder",18
273,2008,"§40c StAG, Übergangsreg. b. Anträgen b. 30.03.2007",924
274,2008,"§6 (1.StaRegG), Aussiedler/Spätaussiedler (b.1999)",0
275,2008,"§8 RuStAG, Einbürgerung von Ausländern (bis 1999)",0
276,2008,"§8 StAG, Niederlassung in Deutschland auf Dauer",4453
277,2008,"§8 StAngRegG,Dt.Volkszugehörige im Inland (b.2004)",0
278,2008,"§85 Abs.1 AuslG, Aufenth.i.Deutschl.>=8 J.(b.2004)",0
279,2008,"§85 Abs.2 AuslG, Ehegatte u. mindj.Kinder (b.2004)",0
280,2008,"§85 AuslG, alte Fass., junge Ausländer (bis 2004)",0
281,2008,"§86 Abs.1 AuslG, a.F., langer Aufenth.i.D.(b.2004)",0
282,2008,"§86 Abs.2 AuslG, a.F., Ehegatte u. Kinder (b.2004)",0
283,2008,"§9 Abs.1 StAngRegG, Dt.Volksz. im Ausland (b.2004)",0
284,2008,"§9 Abs.2 StAngRegG, Dt.Volksz. im Ausland (b.2004)",0
285,2008,"§9 RuStAG, Ehegatten Deutscher (bis 1999)",0
286,2008,"§9 StAG, Ehe- oder Lebenspartner ist Deutscher",8259
287,2008,"§9 StAngRegG, Dt. Volkszugeh. im Ausland (b.2004)",19
288,2009,"Art.116 Abs.2 S.1 GG, Frühere deutsche Staatsang.",2477
289,2009,Art.2 d. Gesetzes z. Vermind. der Staatenlosigkeit,180
290,2009,Sonstige nicht mehr anwendbare Rechtsgrl. (b.2010),0
291,2009,"§10 Abs.1 StAG, Aufenthalt in Deutschland",67720
292,2009,"§10 Abs.2 StAG, Ehegatte, minderjährige Kinder",10393
293,2009,§10 Abs.3 S.1 StAG (i.V.m.§10 Abs.1 StAG) (b.2023),0
294,2009,§10 Abs.3 S.2 StAG (i.V.m.§10 Abs.1 StAG) (b.2023),0
295,2009,§10 Abs.3 StAG (i.V.m. § 10 Abs.1 StAG),1271
296,2009,"§11 StAngRegG, Dt. Volkszugeh. im Inland (b.2010)",1
297,2009,"§12 Abs.1 StAngRegG,Frühere dt.Staatsang. (b.2010)",9
298,2009,"§13 StAG, Ehemalige Deutsche im Ausland lebend",118
299,2009,"§14 StAG, Ausl.m.Bindungen an Dtl., i.Ausl.lebend",52
300,2009,§15 StAG Bundesbeamte im Ausland (bis 2004),0
301,2009,"§15 StAG, Wiedergutmachungseinbürg.nach Verfolgung",0
302,2009,"§16 Abs.2 StAG, ausl.minderjährige Kinder (b.2007)",0
303,2009,"§21 HAuslG, Heimatlose Ausländer",61
304,2009,"§40b StAG, Übergangsregelung für Kinder",22
305,2009,"§40c StAG, Übergangsreg. b. Anträgen b. 30.03.2007",537
306,2009,"§6 (1.StaRegG), Aussiedler/Spätaussiedler (b.1999)",0
307,2009,"§8 RuStAG, Einbürgerung von Ausländern (bis 1999)",0
308,2009,"§8 StAG, Niederlassung in Deutschland auf Dauer",5597
309,2009,"§8 StAngRegG,Dt.Volkszugehörige im Inland (b.2004)",0
310,2009,"§85 Abs.1 AuslG, Aufenth.i.Deutschl.>=8 J.(b.2004)",0
311,2009,"§85 Abs.2 AuslG, Ehegatte u. mindj.Kinder (b.2004)",0
312,2009,"§85 AuslG, alte Fass., junge Ausländer (bis 2004)",0
313,2009,"§86 Abs.1 AuslG, a.F., langer Aufenth.i.D.(b.2004)",0
314,2009,"§86 Abs.2 AuslG, a.F., Ehegatte u. Kinder (b.2004)",0
315,2009,"§9 Abs.1 StAngRegG, Dt.Volksz. im Ausland (b.2004)",0
316,2009,"§9 Abs.2 StAngRegG, Dt.Volksz. im Ausland (b.2004)",0
317,2009,"§9 RuStAG, Ehegatten Deutscher (bis 1999)",0
318,2009,"§9 StAG, Ehe- oder Lebenspartner ist Deutscher",7658
319,2009,"§9 StAngRegG, Dt. Volkszugeh. im Ausland (b.2004)",26
320,2010,"Art.116 Abs.2 S.1 GG, Frühere deutsche Staatsang.",2705
321,2010,Art.2 d. Gesetzes z. Vermind. der Staatenlosigkeit,130
322,2010,Sonstige nicht mehr anwendbare Rechtsgrl. (b.2010),0
323,2010,"§10 Abs.1 StAG, Aufenthalt in Deutschland",73671
324,2010,"§10 Abs.2 StAG, Ehegatte, minderjährige Kinder",10800
325,2010,§10 Abs.3 S.1 StAG (i.V.m.§10 Abs.1 StAG) (b.2023),0
326,2010,§10 Abs.3 S.2 StAG (i.V.m.§10 Abs.1 StAG) (b.2023),0
327,2010,§10 Abs.3 StAG (i.V.m. § 10 Abs.1 StAG),1759
328,2010,"§11 StAngRegG, Dt. Volkszugeh. im Inland (b.2010)",1
329,2010,"§12 Abs.1 StAngRegG,Frühere dt.Staatsang. (b.2010)",3
330,2010,"§13 StAG, Ehemalige Deutsche im Ausland lebend",108
331,2010,"§14 StAG, Ausl.m.Bindungen an Dtl., i.Ausl.lebend",82
332,2010,§15 StAG Bundesbeamte im Ausland (bis 2004),0
333,2010,"§15 StAG, Wiedergutmachungseinbürg.nach Verfolgung",0
334,2010,"§16 Abs.2 StAG, ausl.minderjährige Kinder (b.2007)",0
335,2010,"§21 HAuslG, Heimatlose Ausländer",56
336,2010,"§40b StAG, Übergangsregelung für Kinder",7
337,2010,"§40c StAG, Übergangsreg. b. Anträgen b. 30.03.2007",352
338,2010,"§6 (1.StaRegG), Aussiedler/Spätaussiedler (b.1999)",0
339,2010,"§8 RuStAG, Einbürgerung von Ausländern (bis 1999)",0
340,2010,"§8 StAG, Niederlassung in Deutschland auf Dauer",4642
341,2010,"§8 StAngRegG,Dt.Volkszugehörige im Inland (b.2004)",0
342,2010,"§85 Abs.1 AuslG, Aufenth.i.Deutschl.>=8 J.(b.2004)",0
343,2010,"§85 Abs.2 AuslG, Ehegatte u. mindj.Kinder (b.2004)",0
344,2010,"§85 AuslG, alte Fass., junge Ausländer (bis 2004)",0
345,2010,"§86 Abs.1 AuslG, a.F., langer Aufenth.i.D.(b.2004)",0
346,2010,"§86 Abs.2 AuslG, a.F., Ehegatte u. Kinder (b.2004)",0
347,2010,"§9 Abs.1 StAngRegG, Dt.Volksz. im Ausland (b.2004)",0
348,2010,"§9 Abs.2 StAngRegG, Dt.Volksz. im Ausland (b.2004)",0
349,2010,"§9 RuStAG, Ehegatten Deutscher (bis 1999)",0
350,2010,"§9 StAG, Ehe- oder Lebenspartner ist Deutscher",7232
351,2010,"§9 StAngRegG, Dt. Volkszugeh. im Ausland (b.2004)",22
352,2011,"Art.116 Abs.2 S.1 GG, Frühere deutsche Staatsang.",3002
353,2011,Art.2 d. Gesetzes z. Vermind. der Staatenlosigkeit,580
354,2011,Sonstige nicht mehr anwendbare Rechtsgrl. (b.2010),341
355,2011,"§10 Abs.1 StAG, Aufenthalt in Deutschland",78708
356,2011,"§10 Abs.2 StAG, Ehegatte, minderjährige Kinder",10778
357,2011,§10 Abs.3 S.1 StAG (i.V.m.§10 Abs.1 StAG) (b.2023),618
358,2011,§10 Abs.3 S.2 StAG (i.V.m.§10 Abs.1 StAG) (b.2023),961
359,2011,§10 Abs.3 StAG (i.V.m. § 10 Abs.1 StAG),0
360,2011,"§11 StAngRegG, Dt. Volkszugeh. im Inland (b.2010)",0
361,2011,"§12 Abs.1 StAngRegG,Frühere dt.Staatsang. (b.2010)",0
362,2011,"§13 StAG, Ehemalige Deutsche im Ausland lebend",138
363,2011,"§14 StAG, Ausl.m.Bindungen an Dtl., i.Ausl.lebend",44
364,2011,§15 StAG Bundesbeamte im Ausland (bis 2004),0
365,2011,"§15 StAG, Wiedergutmachungseinbürg.nach Verfolgung",0
366,2011,"§16 Abs.2 StAG, ausl.minderjährige Kinder (b.2007)",0
367,2011,"§21 HAuslG, Heimatlose Ausländer",27
368,2011,"§40b StAG, Übergangsregelung für Kinder",12
369,2011,"§40c StAG, Übergangsreg. b. Anträgen b. 30.03.2007",203
370,2011,"§6 (1.StaRegG), Aussiedler/Spätaussiedler (b.1999)",0
371,2011,"§8 RuStAG, Einbürgerung von Ausländern (bis 1999)",0
372,2011,"§8 StAG, Niederlassung in Deutschland auf Dauer",4482
373,2011,"§8 StAngRegG,Dt.Volkszugehörige im Inland (b.2004)",0
374,2011,"§85 Abs.1 AuslG, Aufenth.i.Deutschl.>=8 J.(b.2004)",0
375,2011,"§85 Abs.2 AuslG, Ehegatte u. mindj.Kinder (b.2004)",0
376,2011,"§85 AuslG, alte Fass., junge Ausländer (bis 2004)",0
377,2011,"§86 Abs.1 AuslG, a.F., langer Aufenth.i.D.(b.2004)",0
378,2011,"§86 Abs.2 AuslG, a.F., Ehegatte u. Kinder (b.2004)",0
379,2011,"§9 Abs.1 StAngRegG, Dt.Volksz. im Ausland (b.2004)",0
380,2011,"§9 Abs.2 StAngRegG, Dt.Volksz. im Ausland (b.2004)",0
381,2011,"§9 RuStAG, Ehegatten Deutscher (bis 1999)",0
382,2011,"§9 StAG, Ehe- oder Lebenspartner ist Deutscher",7003
383,2011,"§9 StAngRegG, Dt. Volkszugeh. im Ausland (b.2004)",0
384,2012,"Art.116 Abs.2 S.1 GG, Frühere deutsche Staatsang.",2219
385,2012,Art.2 d. Gesetzes z. Vermind. der Staatenlosigkeit,367
386,2012,Sonstige nicht mehr anwendbare Rechtsgrl. (b.2010),0
387,2012,"§10 Abs.1 StAG, Aufenthalt in Deutschland",86424
388,2012,"§10 Abs.2 StAG, Ehegatte, minderjährige Kinder",9994
389,2012,§10 Abs.3 S.1 StAG (i.V.m.§10 Abs.1 StAG) (b.2023),1092
390,2012,§10 Abs.3 S.2 StAG (i.V.m.§10 Abs.1 StAG) (b.2023),1522
391,2012,§10 Abs.3 StAG (i.V.m. § 10 Abs.1 StAG),0
392,2012,"§11 StAngRegG, Dt. Volkszugeh. im Inland (b.2010)",0
393,2012,"§12 Abs.1 StAngRegG,Frühere dt.Staatsang. (b.2010)",0
394,2012,"§13 StAG, Ehemalige Deutsche im Ausland lebend",171
395,2012,"§14 StAG, Ausl.m.Bindungen an Dtl., i.Ausl.lebend",23
396,2012,§15 StAG Bundesbeamte im Ausland (bis 2004),0
397,2012,"§15 StAG, Wiedergutmachungseinbürg.nach Verfolgung",0
398,2012,"§16 Abs.2 StAG, ausl.minderjährige Kinder (b.2007)",0
399,2012,"§21 HAuslG, Heimatlose Ausländer",54
400,2012,"§40b StAG, Übergangsregelung für Kinder",1
401,2012,"§40c StAG, Übergangsreg. b. Anträgen b. 30.03.2007",146
402,2012,"§6 (1.StaRegG), Aussiedler/Spätaussiedler (b.1999)",0
403,2012,"§8 RuStAG, Einbürgerung von Ausländern (bis 1999)",0
404,2012,"§8 StAG, Niederlassung in Deutschland auf Dauer",3968
405,2012,"§8 StAngRegG,Dt.Volkszugehörige im Inland (b.2004)",0
406,2012,"§85 Abs.1 AuslG, Aufenth.i.Deutschl.>=8 J.(b.2004)",0
407,2012,"§85 Abs.2 AuslG, Ehegatte u. mindj.Kinder (b.2004)",0
408,2012,"§85 AuslG, alte Fass., junge Ausländer (bis 2004)",0
409,2012,"§86 Abs.1 AuslG, a.F., langer Aufenth.i.D.(b.2004)",0
410,2012,"§86 Abs.2 AuslG, a.F., Ehegatte u. Kinder (b.2004)",0
411,2012,"§9 Abs.1 StAngRegG, Dt.Volksz. im Ausland (b.2004)",0
412,2012,"§9 Abs.2 StAngRegG, Dt.Volksz. im Ausland (b.2004)",0
413,2012,"§9 RuStAG, Ehegatten Deutscher (bis 1999)",0
414,2012,"§9 StAG, Ehe- oder Lebenspartner ist Deutscher",6367
415,2012,"§9 StAngRegG, Dt. Volkszugeh. im Ausland (b.2004)",0
416,2013,"Art.116 Abs.2 S.1 GG, Frühere deutsche Staatsang.",2936
417,2013,Art.2 d. Gesetzes z. Vermind. der Staatenlosigkeit,207
418,2013,Sonstige nicht mehr anwendbare Rechtsgrl. (b.2010),0
419,2013,"§10 Abs.1 StAG, Aufenthalt in Deutschland",86222
420,2013,"§10 Abs.2 StAG, Ehegatte, minderjährige Kinder",9349
421,2013,§10 Abs.3 S.1 StAG (i.V.m.§10 Abs.1 StAG) (b.2023),1342
422,2013,§10 Abs.3 S.2 StAG (i.V.m.§10 Abs.1 StAG) (b.2023),1947
423,2013,§10 Abs.3 StAG (i.V.m. § 10 Abs.1 StAG),0
424,2013,"§11 StAngRegG, Dt. Volkszugeh. im Inland (b.2010)",0
425,2013,"§12 Abs.1 StAngRegG,Frühere dt.Staatsang. (b.2010)",0
426,2013,"§13 StAG, Ehemalige Deutsche im Ausland lebend",237
427,2013,"§14 StAG, Ausl.m.Bindungen an Dtl., i.Ausl.lebend",36
428,2013,§15 StAG Bundesbeamte im Ausland (bis 2004),0
429,2013,"§15 StAG, Wiedergutmachungseinbürg.nach Verfolgung",0
430,2013,"§16 Abs.2 StAG, ausl.minderjährige Kinder (b.2007)",0
431,2013,"§21 HAuslG, Heimatlose Ausländer",31
432,2013,"§40b StAG, Übergangsregelung für Kinder",5
433,2013,"§40c StAG, Übergangsreg. b. Anträgen b. 30.03.2007",125
434,2013,"§6 (1.StaRegG), Aussiedler/Spätaussiedler (b.1999)",0
435,2013,"§8 RuStAG, Einbürgerung von Ausländern (bis 1999)",0
436,2013,"§8 StAG, Niederlassung in Deutschland auf Dauer",3841
437,2013,"§8 StAngRegG,Dt.Volkszugehörige im Inland (b.2004)",0
438,2013,"§85 Abs.1 AuslG, Aufenth.i.Deutschl.>=8 J.(b.2004)",0
439,2013,"§85 Abs.2 AuslG, Ehegatte u. mindj.Kinder (b.2004)",0
440,2013,"§85 AuslG, alte Fass., junge Ausländer (bis 2004)",0
441,2013,"§86 Abs.1 AuslG, a.F., langer Aufenth.i.D.(b.2004)",0
442,2013,"§86 Abs.2 AuslG, a.F., Ehegatte u. Kinder (b.2004)",0
443,2013,"§9 Abs.1 StAngRegG, Dt.Volksz. im Ausland (b.2004)",0
444,2013,"§9 Abs.2 StAngRegG, Dt.Volksz. im Ausland (b.2004)",0
445,2013,"§9 RuStAG, Ehegatten Deutscher (bis 1999)",0
446,2013,"§9 StAG, Ehe- oder Lebenspartner ist Deutscher",6075
447,2013,"§9 StAngRegG, Dt. Volkszugeh. im Ausland (b.2004)",0
448,2014,"Art.116 Abs.2 S.1 GG, Frühere deutsche Staatsang.",2365
449,2014,Art.2 d. Gesetzes z. Vermind. der Staatenlosigkeit,198
450,2014,Sonstige nicht mehr anwendbare Rechtsgrl. (b.2010),0
451,2014,"§10 Abs.1 StAG, Aufenthalt in Deutschland",82874
452,2014,"§10 Abs.2 StAG, Ehegatte, minderjährige Kinder",9320
453,2014,§10 Abs.3 S.1 StAG (i.V.m.§10 Abs.1 StAG) (b.2023),1518
454,2014,§10 Abs.3 S.2 StAG (i.V.m.§10 Abs.1 StAG) (b.2023),2281
455,2014,§10 Abs.3 StAG (i.V.m. § 10 Abs.1 StAG),0
456,2014,"§11 StAngRegG, Dt. Volkszugeh. im Inland (b.2010)",0
457,2014,"§12 Abs.1 StAngRegG,Frühere dt.Staatsang. (b.2010)",0
458,2014,"§13 StAG, Ehemalige Deutsche im Ausland lebend",222
459,2014,"§14 StAG, Ausl.m.Bindungen an Dtl., i.Ausl.lebend",31
460,2014,§15 StAG Bundesbeamte im Ausland (bis 2004),0
461,2014,"§15 StAG, Wiedergutmachungseinbürg.nach Verfolgung",0
462,2014,"§16 Abs.2 StAG, ausl.minderjährige Kinder (b.2007)",0
463,2014,"§21 HAuslG, Heimatlose Ausländer",24
464,2014,"§40b StAG, Übergangsregelung für Kinder",2
465,2014,"§40c StAG, Übergangsreg. b. Anträgen b. 30.03.2007",64
466,2014,"§6 (1.StaRegG), Aussiedler/Spätaussiedler (b.1999)",0
467,2014,"§8 RuStAG, Einbürgerung von Ausländern (bis 1999)",0
468,2014,"§8 StAG, Niederlassung in Deutschland auf Dauer",3630
469,2014,"§8 StAngRegG,Dt.Volkszugehörige im Inland (b.2004)",0
470,2014,"§85 Abs.1 AuslG, Aufenth.i.Deutschl.>=8 J.(b.2004)",0
471,2014,"§85 Abs.2 AuslG, Ehegatte u. mindj.Kinder (b.2004)",0
472,2014,"§85 AuslG, alte Fass., junge Ausländer (bis 2004)",0
473,2014,"§86 Abs.1 AuslG, a.F., langer Aufenth.i.D.(b.2004)",0
474,2014,"§86 Abs.2 AuslG, a.F., Ehegatte u. Kinder (b.2004)",0
475,2014,"§9 Abs.1 StAngRegG, Dt.Volksz. im Ausland (b.2004)",0
476,2014,"§9 Abs.2 StAngRegG, Dt.Volksz. im Ausland (b.2004)",0
477,2014,"§9 RuStAG, Ehegatten Deutscher (bis 1999)",0
478,2014,"§9 StAG, Ehe- oder Lebenspartner ist Deutscher",5893
479,2014,"§9 StAngRegG, Dt. Volkszugeh. im Ausland (b.2004)",0
480,2015,"Art.116 Abs.2 S.1 GG, Frühere deutsche Staatsang.",2404
481,2015,Art.2 d. Gesetzes z. Vermind. der Staatenlosigkeit,156
482,2015,Sonstige nicht mehr anwendbare Rechtsgrl. (b.2010),0
483,2015,"§10 Abs.1 StAG, Aufenthalt in Deutschland",81952
484,2015,"§10 Abs.2 StAG, Ehegatte, minderjährige Kinder",9605
485,2015,§10 Abs.3 S.1 StAG (i.V.m.§10 Abs.1 StAG) (b.2023),1591
486,2015,§10 Abs.3 S.2 StAG (i.V.m.§10 Abs.1 StAG) (b.2023),2456
487,2015,§10 Abs.3 StAG (i.V.m. § 10 Abs.1 StAG),0
488,2015,"§11 StAngRegG, Dt. Volkszugeh. im Inland (b.2010)",0
489,2015,"§12 Abs.1 StAngRegG,Frühere dt.Staatsang. (b.2010)",0
490,2015,"§13 StAG, Ehemalige Deutsche im Ausland lebend",33
491,2015,"§14 StAG, Ausl.m.Bindungen an Dtl., i.Ausl.lebend",6
492,2015,§15 StAG Bundesbeamte im Ausland (bis 2004),0
493,2015,"§15 StAG, Wiedergutmachungseinbürg.nach Verfolgung",0
494,2015,"§16 Abs.2 StAG, ausl.minderjährige Kinder (b.2007)",0
495,2015,"§21 HAuslG, Heimatlose Ausländer",23
496,2015,"§40b StAG, Übergangsregelung für Kinder",4
497,2015,"§40c StAG, Übergangsreg. b. Anträgen b. 30.03.2007",41
498,2015,"§6 (1.StaRegG), Aussiedler/Spätaussiedler (b.1999)",0
499,2015,"§8 RuStAG, Einbürgerung von Ausländern (bis 1999)",0
500,2015,"§8 StAG, Niederlassung in Deutschland auf Dauer",3150
501,2015,"§8 StAngRegG,Dt.Volkszugehörige im Inland (b.2004)",0
502,2015,"§85 Abs.1 AuslG, Aufenth.i.Deutschl.>=8 J.(b.2004)",0
503,2015,"§85 Abs.2 AuslG, Ehegatte u. mindj.Kinder (b.2004)",0
504,2015,"§85 AuslG, alte Fass., junge Ausländer (bis 2004)",0
505,2015,"§86 Abs.1 AuslG, a.F., langer Aufenth.i.D.(b.2004)",0
506,2015,"§86 Abs.2 AuslG, a.F., Ehegatte u. Kinder (b.2004)",0
507,2015,"§9 Abs.1 StAngRegG, Dt.Volksz. im Ausland (b.2004)",0
508,2015,"§9 Abs.2 StAngRegG, Dt.Volksz. im Ausland (b.2004)",0
509,2015,"§9 RuStAG, Ehegatten Deutscher (bis 1999)",0
510,2015,"§9 StAG, Ehe- oder Lebenspartner ist Deutscher",5896
511,2015,"§9 StAngRegG, Dt. Volkszugeh. im Ausland (b.2004)",0
512,2016,"Art.116 Abs.2 S.1 GG, Frühere deutsche Staatsang.",2187
513,2016,Art.2 d. Gesetzes z. Vermind. der Staatenlosigkeit,130
514,2016,Sonstige nicht mehr anwendbare Rechtsgrl. (b.2010),0
515,2016,"§10 Abs.1 StAG, Aufenthalt in Deutschland",83365
516,2016,"§10 Abs.2 StAG, Ehegatte, minderjährige Kinder",10067
517,2016,§10 Abs.3 S.1 StAG (i.V.m.§10 Abs.1 StAG) (b.2023),1768
518,2016,§10 Abs.3 S.2 StAG (i.V.m.§10 Abs.1 StAG) (b.2023),2860
519,2016,§10 Abs.3 StAG (i.V.m. § 10 Abs.1 StAG),0
520,2016,"§11 StAngRegG, Dt. Volkszugeh. im Inland (b.2010)",0
521,2016,"§12 Abs.1 StAngRegG,Frühere dt.Staatsang. (b.2010)",0
522,2016,"§13 StAG, Ehemalige Deutsche im Ausland lebend",820
523,2016,"§14 StAG, Ausl.m.Bindungen an Dtl., i.Ausl.lebend",189
524,2016,§15 StAG Bundesbeamte im Ausland (bis 2004),0
525,2016,"§15 StAG, Wiedergutmachungseinbürg.nach Verfolgung",0
526,2016,"§16 Abs.2 StAG, ausl.minderjährige Kinder (b.2007)",0
527,2016,"§21 HAuslG, Heimatlose Ausländer",15
528,2016,"§40b StAG, Übergangsregelung für Kinder",0
529,2016,"§40c StAG, Übergangsreg. b. Anträgen b. 30.03.2007",42
530,2016,"§6 (1.StaRegG), Aussiedler/Spätaussiedler (b.1999)",0
531,2016,"§8 RuStAG, Einbürgerung von Ausländern (bis 1999)",0
532,2016,"§8 StAG, Niederlassung in Deutschland auf Dauer",2829
533,2016,"§8 StAngRegG,Dt.Volkszugehörige im Inland (b.2004)",0
534,2016,"§85 Abs.1 AuslG, Aufenth.i.Deutschl.>=8 J.(b.2004)",0
535,2016,"§85 Abs.2 AuslG, Ehegatte u. mindj.Kinder (b.2004)",0
536,2016,"§85 AuslG, alte Fass., junge Ausländer (bis 2004)",0
537,2016,"§86 Abs.1 AuslG, a.F., langer Aufenth.i.D.(b.2004)",0
538,2016,"§86 Abs.2 AuslG, a.F., Ehegatte u. Kinder (b.2004)",0
539,2016,"§9 Abs.1 StAngRegG, Dt.Volksz. im Ausland (b.2004)",0
540,2016,"§9 Abs.2 StAngRegG, Dt.Volksz. im Ausland (b.2004)",0
541,2016,"§9 RuStAG, Ehegatten Deutscher (bis 1999)",0
542,2016,"§9 StAG, Ehe- oder Lebenspartner ist Deutscher",6111
543,2016,"§9 StAngRegG, Dt. Volkszugeh. im Ausland (b.2004)",0
544,2017,"Art.116 Abs.2 S.1 GG, Frühere deutsche Staatsang.",2479
545,2017,Art.2 d. Gesetzes z. Vermind. der Staatenlosigkeit,84
546,2017,Sonstige nicht mehr anwendbare Rechtsgrl. (b.2010),0
547,2017,"§10 Abs.1 StAG, Aufenthalt in Deutschland",84594
548,2017,"§10 Abs.2 StAG, Ehegatte, minderjährige Kinder",9854
549,2017,§10 Abs.3 S.1 StAG (i.V.m.§10 Abs.1 StAG) (b.2023),1829
550,2017,§10 Abs.3 S.2 StAG (i.V.m.§10 Abs.1 StAG) (b.2023),3697
551,2017,§10 Abs.3 StAG (i.V.m. § 10 Abs.1 StAG),0
552,2017,"§11 StAngRegG, Dt. Volkszugeh. im Inland (b.2010)",0
553,2017,"§12 Abs.1 StAngRegG,Frühere dt.Staatsang. (b.2010)",0
554,2017,"§13 StAG, Ehemalige Deutsche im Ausland lebend",332
555,2017,"§14 StAG, Ausl.m.Bindungen an Dtl., i.Ausl.lebend",198
556,2017,§15 StAG Bundesbeamte im Ausland (bis 2004),0
557,2017,"§15 StAG, Wiedergutmachungseinbürg.nach Verfolgung",0
558,2017,"§16 Abs.2 StAG, ausl.minderjährige Kinder (b.2007)",0
559,2017,"§21 HAuslG, Heimatlose Ausländer",25
560,2017,"§40b StAG, Übergangsregelung für Kinder",0
561,2017,"§40c StAG, Übergangsreg. b. Anträgen b. 30.03.2007",27
562,2017,"§6 (1.StaRegG), Aussiedler/Spätaussiedler (b.1999)",0
563,2017,"§8 RuStAG, Einbürgerung von Ausländern (bis 1999)",0
564,2017,"§8 StAG, Niederlassung in Deutschland auf Dauer",2801
565,2017,"§8 StAngRegG,Dt.Volkszugehörige im Inland (b.2004)",0
566,2017,"§85 Abs.1 AuslG, Aufenth.i.Deutschl.>=8 J.(b.2004)",0
567,2017,"§85 Abs.2 AuslG, Ehegatte u. mindj.Kinder (b.2004)",0
568,2017,"§85 AuslG, alte Fass., junge Ausländer (bis 2004)",0
569,2017,"§86 Abs.1 AuslG, a.F., langer Aufenth.i.D.(b.2004)",0
570,2017,"§86 Abs.2 AuslG, a.F., Ehegatte u. Kinder (b.2004)",0
571,2017,"§9 Abs.1 StAngRegG, Dt.Volksz. im Ausland (b.2004)",0
572,2017,"§9 Abs.2 StAngRegG, Dt.Volksz. im Ausland (b.2004)",0
573,2017,"§9 RuStAG, Ehegatten Deutscher (bis 1999)",0
574,2017,"§9 StAG, Ehe- oder Lebenspartner ist Deutscher",6291
575,2017,"§9 StAngRegG, Dt. Volkszugeh. im Ausland (b.2004)",0
576,2018,"Art.116 Abs.2 S.1 GG, Frühere deutsche Staatsang.",1430
577,2018,Art.2 d. Gesetzes z. Vermind. der Staatenlosigkeit,105
578,2018,Sonstige nicht mehr anwendbare Rechtsgrl. (b.2010),0
579,2018,"§10 Abs.1 StAG, Aufenthalt in Deutschland",83830
580,2018,"§10 Abs.2 StAG, Ehegatte, minderjährige Kinder",10915
581,2018,§10 Abs.3 S.1 StAG (i.V.m.§10 Abs.1 StAG) (b.2023),2010
582,2018,§10 Abs.3 S.2 StAG (i.V.m.§10 Abs.1 StAG) (b.2023),4260
583,2018,§10 Abs.3 StAG (i.V.m. § 10 Abs.1 StAG),0
584,2018,"§11 StAngRegG, Dt. Volkszugeh. im Inland (b.2010)",0
585,2018,"§12 Abs.1 StAngRegG,Frühere dt.Staatsang. (b.2010)",0
586,2018,"§13 StAG, Ehemalige Deutsche im Ausland lebend",265
587,2018,"§14 StAG, Ausl.m.Bindungen an Dtl., i.Ausl.lebend",150
588,2018,§15 StAG Bundesbeamte im Ausland (bis 2004),0
589,2018,"§15 StAG, Wiedergutmachungseinbürg.nach Verfolgung",0
590,2018,"§16 Abs.2 StAG, ausl.minderjährige Kinder (b.2007)",0
591,2018,"§21 HAuslG, Heimatlose Ausländer",15
592,2018,"§40b StAG, Übergangsregelung für Kinder",0
593,2018,"§40c StAG, Übergangsreg. b. Anträgen b. 30.03.2007",30
594,2018,"§6 (1.StaRegG), Aussiedler/Spätaussiedler (b.1999)",0
595,2018,"§8 RuStAG, Einbürgerung von Ausländern (bis 1999)",0
596,2018,"§8 StAG, Niederlassung in Deutschland auf Dauer",2800
597,2018,"§8 StAngRegG,Dt.Volkszugehörige im Inland (b.2004)",0
598,2018,"§85 Abs.1 AuslG, Aufenth.i.Deutschl.>=8 J.(b.2004)",0
599,2018,"§85 Abs.2 AuslG, Ehegatte u. mindj.Kinder (b.2004)",0
600,2018,"§85 AuslG, alte Fass., junge Ausländer (bis 2004)",0
601,2018,"§86 Abs.1 AuslG, a.F., langer Aufenth.i.D.(b.2004)",0
602,2018,"§86 Abs.2 AuslG, a.F., Ehegatte u. Kinder (b.2004)",0
603,2018,"§9 Abs.1 StAngRegG, Dt.Volksz. im Ausland (b.2004)",0
604,2018,"§9 Abs.2 StAngRegG, Dt.Volksz. im Ausland (b.2004)",0
605,2018,"§9 RuStAG, Ehegatten Deutscher (bis 1999)",0
606,2018,"§9 StAG, Ehe- oder Lebenspartner ist Deutscher",6535
607,2018,"§9 StAngRegG, Dt. Volkszugeh. im Ausland (b.2004)",0
608,2019,"Art.116 Abs.2 S.1 GG, Frühere deutsche Staatsang.",2815
609,2019,Art.2 d. Gesetzes z. Vermind. der Staatenlosigkeit,70
610,2019,Sonstige nicht mehr anwendbare Rechtsgrl. (b.2010),0
611,2019,"§10 Abs.1 StAG, Aufenthalt in Deutschland",92540
612,2019,"§10 Abs.2 StAG, Ehegatte, minderjährige Kinder",13250
613,2019,§10 Abs.3 S.1 StAG (i.V.m.§10 Abs.1 StAG) (b.2023),2845
614,2019,§10 Abs.3 S.2 StAG (i.V.m.§10 Abs.1 StAG) (b.2023),5920
615,2019,§10 Abs.3 StAG (i.V.m. § 10 Abs.1 StAG),0
616,2019,"§11 StAngRegG, Dt. Volkszugeh. im Inland (b.2010)",0
617,2019,"§12 Abs.1 StAngRegG,Frühere dt.Staatsang. (b.2010)",0
618,2019,"§13 StAG, Ehemalige Deutsche im Ausland lebend",260
619,2019,"§14 StAG, Ausl.m.Bindungen an Dtl., i.Ausl.lebend",210
620,2019,§15 StAG Bundesbeamte im Ausland (bis 2004),0
621,2019,"§15 StAG, Wiedergutmachungseinbürg.nach Verfolgung",0
622,2019,"§16 Abs.2 StAG, ausl.minderjährige Kinder (b.2007)",0
623,2019,"§21 HAuslG, Heimatlose Ausländer",10
624,2019,"§40b StAG, Übergangsregelung für Kinder",0
625,2019,"§40c StAG, Übergangsreg. b. Anträgen b. 30.03.2007",15
626,2019,"§6 (1.StaRegG), Aussiedler/Spätaussiedler (b.1999)",0
627,2019,"§8 RuStAG, Einbürgerung von Ausländern (bis 1999)",0
628,2019,"§8 StAG, Niederlassung in Deutschland auf Dauer",3475
629,2019,"§8 StAngRegG,Dt.Volkszugehörige im Inland (b.2004)",0
630,2019,"§85 Abs.1 AuslG, Aufenth.i.Deutschl.>=8 J.(b.2004)",0
631,2019,"§85 Abs.2 AuslG, Ehegatte u. mindj.Kinder (b.2004)",0
632,2019,"§85 AuslG, alte Fass., junge Ausländer (bis 2004)",0
633,2019,"§86 Abs.1 AuslG, a.F., langer Aufenth.i.D.(b.2004)",0
634,2019,"§86 Abs.2 AuslG, a.F., Ehegatte u. Kinder (b.2004)",0
635,2019,"§9 Abs.1 StAngRegG, Dt.Volksz. im Ausland (b.2004)",0
636,2019,"§9 Abs.2 StAngRegG, Dt.Volksz. im Ausland (b.2004)",0
637,2019,"§9 RuStAG, Ehegatten Deutscher (bis 1999)",0
638,2019,"§9 StAG, Ehe- oder Lebenspartner ist Deutscher",7485
639,2019,"§9 StAngRegG, Dt. Volkszugeh. im Ausland (b.2004)",0
640,2020,"Art.116 Abs.2 S.1 GG, Frühere deutsche Staatsang.",1940
641,2020,Art.2 d. Gesetzes z. Vermind. der Staatenlosigkeit,65
642,2020,Sonstige nicht mehr anwendbare Rechtsgrl. (b.2010),0
643,2020,"§10 Abs.1 StAG, Aufenthalt in Deutschland",72565
644,2020,"§10 Abs.2 StAG, Ehegatte, minderjährige Kinder",13890
645,2020,§10 Abs.3 S.1 StAG (i.V.m.§10 Abs.1 StAG) (b.2023),3225
646,2020,§10 Abs.3 S.2 StAG (i.V.m.§10 Abs.1 StAG) (b.2023),6690
647,2020,§10 Abs.3 StAG (i.V.m. § 10 Abs.1 StAG),0
648,2020,"§11 StAngRegG, Dt. Volkszugeh. im Inland (b.2010)",0
649,2020,"§12 Abs.1 StAngRegG,Frühere dt.Staatsang. (b.2010)",0
650,2020,"§13 StAG, Ehemalige Deutsche im Ausland lebend",210
651,2020,"§14 StAG, Ausl.m.Bindungen an Dtl., i.Ausl.lebend",445
652,2020,§15 StAG Bundesbeamte im Ausland (bis 2004),0
653,2020,"§15 StAG, Wiedergutmachungseinbürg.nach Verfolgung",0
654,2020,"§16 Abs.2 StAG, ausl.minderjährige Kinder (b.2007)",0
655,2020,"§21 HAuslG, Heimatlose Ausländer",10
656,2020,"§40b StAG, Übergangsregelung für Kinder",0
657,2020,"§40c StAG, Übergangsreg. b. Anträgen b. 30.03.2007",15
658,2020,"§6 (1.StaRegG), Aussiedler/Spätaussiedler (b.1999)",0
659,2020,"§8 RuStAG, Einbürgerung von Ausländern (bis 1999)",0
660,2020,"§8 StAG, Niederlassung in Deutschland auf Dauer",4115
661,2020,"§8 StAngRegG,Dt.Volkszugehörige im Inland (b.2004)",0
662,2020,"§85 Abs.1 AuslG, Aufenth.i.Deutschl.>=8 J.(b.2004)",0
663,2020,"§85 Abs.2 AuslG, Ehegatte u. mindj.Kinder (b.2004)",0
664,2020,"§85 AuslG, alte Fass., junge Ausländer (bis 2004)",0
665,2020,"§86 Abs.1 AuslG, a.F., langer Aufenth.i.D.(b.2004)",0
666,2020,"§86 Abs.2 AuslG, a.F., Ehegatte u. Kinder (b.2004)",0
667,2020,"§9 Abs.1 StAngRegG, Dt.Volksz. im Ausland (b.2004)",0
668,2020,"§9 Abs.2 StAngRegG, Dt.Volksz. im Ausland (b.2004)",0
669,2020,"§9 RuStAG, Ehegatten Deutscher (bis 1999)",0
670,2020,"§9 StAG, Ehe- oder Lebenspartner ist Deutscher",6700
671,2020,"§9 StAngRegG, Dt. Volkszugeh. im Ausland (b.2004)",0
672,2021,"Art.116 Abs.2 S.1 GG, Frühere deutsche Staatsang.",6595
673,2021,Art.2 d. Gesetzes z. Vermind. der Staatenlosigkeit,55
674,2021,Sonstige nicht mehr anwendbare Rechtsgrl. (b.2010),0
675,2021,"§10 Abs.1 StAG, Aufenthalt in Deutschland",71985
676,2021,"§10 Abs.2 StAG, Ehegatte, minderjährige Kinder",19685
677,2021,§10 Abs.3 S.1 StAG (i.V.m.§10 Abs.1 StAG) (b.2023),4575
678,2021,§10 Abs.3 S.2 StAG (i.V.m.§10 Abs.1 StAG) (b.2023),12365
679,2021,§10 Abs.3 StAG (i.V.m. § 10 Abs.1 StAG),0
680,2021,"§11 StAngRegG, Dt. Volkszugeh. im Inland (b.2010)",0
681,2021,"§12 Abs.1 StAngRegG,Frühere dt.Staatsang. (b.2010)",0
682,2021,"§13 StAG, Ehemalige Deutsche im Ausland lebend",555
683,2021,"§14 StAG, Ausl.m.Bindungen an Dtl., i.Ausl.lebend",705
684,2021,§15 StAG Bundesbeamte im Ausland (bis 2004),0
685,2021,"§15 StAG, Wiedergutmachungseinbürg.nach Verfolgung",15
686,2021,"§16 Abs.2 StAG, ausl.minderjährige Kinder (b.2007)",0
687,2021,"§21 HAuslG, Heimatlose Ausländer",5
688,2021,"§40b StAG, Übergangsregelung für Kinder",0
689,2021,"§40c StAG, Übergangsreg. b. Anträgen b. 30.03.2007",0
690,2021,"§6 (1.StaRegG), Aussiedler/Spätaussiedler (b.1999)",0
691,2021,"§8 RuStAG, Einbürgerung von Ausländern (bis 1999)",0
692,2021,"§8 StAG, Niederlassung in Deutschland auf Dauer",8600
693,2021,"§8 StAngRegG,Dt.Volkszugehörige im Inland (b.2004)",0
694,2021,"§85 Abs.1 AuslG, Aufenth.i.Deutschl.>=8 J.(b.2004)",0
695,2021,"§85 Abs.2 AuslG, Ehegatte u. mindj.Kinder (b.2004)",0
696,2021,"§85 AuslG, alte Fass., junge Ausländer (bis 2004)",0
697,2021,"§86 Abs.1 AuslG, a.F., langer Aufenth.i.D.(b.2004)",0
698,2021,"§86 Abs.2 AuslG, a.F., Ehegatte u. Kinder (b.2004)",0
699,2021,"§9 Abs.1 StAngRegG, Dt.Volksz. im Ausland (b.2004)",0
700,2021,"§9 Abs.2 StAngRegG, Dt.Volksz. im Ausland (b.2004)",0
701,2021,"§9 RuStAG, Ehegatten Deutscher (bis 1999)",0
702,2021,"§9 StAG, Ehe- oder Lebenspartner ist Deutscher",6440
703,2021,"§9 StAngRegG, Dt. Volkszugeh. im Ausland (b.2004)",0
704,2022,"Art.116 Abs.2 S.1 GG, Frühere deutsche Staatsang.",7135
705,2022,Art.2 d. Gesetzes z. Vermind. der Staatenlosigkeit,65
706,2022,Sonstige nicht mehr anwendbare Rechtsgrl. (b.2010),0
707,2022,"§10 Abs.1 StAG, Aufenthalt in Deutschland",77225
708,2022,"§10 Abs.2 StAG, Ehegatte, minderjährige Kinder",31920
709,2022,§10 Abs.3 S.1 StAG (i.V.m.§10 Abs.1 StAG) (b.2023),9230
710,2022,§10 Abs.3 S.2 StAG (i.V.m.§10 Abs.1 StAG) (b.2023),23090
711,2022,§10 Abs.3 StAG (i.V.m. § 10 Abs.1 StAG),0
712,2022,"§11 StAngRegG, Dt. Volkszugeh. im Inland (b.2010)",0
713,2022,"§12 Abs.1 StAngRegG,Frühere dt.Staatsang. (b.2010)",0
714,2022,"§13 StAG, Ehemalige Deutsche im Ausland lebend",475
715,2022,"§14 StAG, Ausl.m.Bindungen an Dtl., i.Ausl.lebend",110
716,2022,§15 StAG Bundesbeamte im Ausland (bis 2004),0
717,2022,"§15 StAG, Wiedergutmachungseinbürg.nach Verfolgung",955
718,2022,"§16 Abs.2 StAG, ausl.minderjährige Kinder (b.2007)",0
719,2022,"§21 HAuslG, Heimatlose Ausländer",5
720,2022,"§40b StAG, Übergangsregelung für Kinder",0
721,2022,"§40c StAG, Übergangsreg. b. Anträgen b. 30.03.2007",0
722,2022,"§6 (1.StaRegG), Aussiedler/Spätaussiedler (b.1999)",0
723,2022,"§8 RuStAG, Einbürgerung von Ausländern (bis 1999)",0
724,2022,"§8 StAG, Niederlassung in Deutschland auf Dauer",12605
725,2022,"§8 StAngRegG,Dt.Volkszugehörige im Inland (b.2004)",0
726,2022,"§85 Abs.1 AuslG, Aufenth.i.Deutschl.>=8 J.(b.2004)",0
727,2022,"§85 Abs.2 AuslG, Ehegatte u. mindj.Kinder (b.2004)",0
728,2022,"§85 AuslG, alte Fass., junge Ausländer (bis 2004)",0
729,2022,"§86 Abs.1 AuslG, a.F., langer Aufenth.i.D.(b.2004)",0
730,2022,"§86 Abs.2 AuslG, a.F., Ehegatte u. Kinder (b.2004)",0
731,2022,"§9 Abs.1 StAngRegG, Dt.Volksz. im Ausland (b.2004)",0
732,2022,"§9 Abs.2 StAngRegG, Dt.Volksz. im Ausland (b.2004)",0
733,2022,"§9 RuStAG, Ehegatten Deutscher (bis 1999)",0
734,2022,"§9 StAG, Ehe- oder Lebenspartner ist Deutscher",5950
735,2022,"§9 StAngRegG, Dt. Volkszugeh. im Ausland (b.2004)",0
736,2023,"Art.116 Abs.2 S.1 GG, Frühere deutsche Staatsang.",4540
737,2023,Art.2 d. Gesetzes z. Vermind. der Staatenlosigkeit,50
738,2023,Sonstige nicht mehr anwendbare Rechtsgrl. (b.2010),0
739,2023,"§10 Abs.1 StAG, Aufenthalt in Deutschland",85900
740,2023,"§10 Abs.2 StAG, Ehegatte, minderjährige Kinder",49090
741,2023,§10 Abs.3 S.1 StAG (i.V.m.§10 Abs.1 StAG) (b.2023),18845
742,2023,§10 Abs.3 S.2 StAG (i.V.m.§10 Abs.1 StAG) (b.2023),24470
743,2023,§10 Abs.3 StAG (i.V.m. § 10 Abs.1 StAG),0
744,2023,"§11 StAngRegG, Dt. Volkszugeh. im Inland (b.2010)",0
745,2023,"§12 Abs.1 StAngRegG,Frühere dt.Staatsang. (b.2010)",0
746,2023,"§13 StAG, Ehemalige Deutsche im Ausland lebend",235
747,2023,"§14 StAG, Ausl.m.Bindungen an Dtl., i.Ausl.lebend",70
748,2023,§15 StAG Bundesbeamte im Ausland (bis 2004),0
749,2023,"§15 StAG, Wiedergutmachungseinbürg.nach Verfolgung",1640
750,2023,"§16 Abs.2 StAG, ausl.minderjährige Kinder (b.2007)",0
751,2023,"§21 HAuslG, Heimatlose Ausländer",5
752,2023,"§40b StAG, Übergangsregelung für Kinder",0
753,2023,"§40c StAG, Übergangsreg. b. Anträgen b. 30.03.2007",0
754,2023,"§6 (1.StaRegG), Aussiedler/Spätaussiedler (b.1999)",0
755,2023,"§8 RuStAG, Einbürgerung von Ausländern (bis 1999)",0
756,2023,"§8 StAG, Niederlassung in Deutschland auf Dauer",9610
757,2023,"§8 StAngRegG,Dt.Volkszugehörige im Inland (b.2004)",0
758,2023,"§85 Abs.1 AuslG, Aufenth.i.Deutschl.>=8 J.(b.2004)",0
759,2023,"§85 Abs.2 AuslG, Ehegatte u. mindj.Kinder (b.2004)",0
760,2023,"§85 AuslG, alte Fass., junge Ausländer (bis 2004)",0
761,2023,"§86 Abs.1 AuslG, a.F., langer Aufenth.i.D.(b.2004)",0
762,2023,"§86 Abs.2 AuslG, a.F., Ehegatte u. Kinder (b.2004)",0
763,2023,"§9 Abs.1 StAngRegG, Dt.Volksz. im Ausland (b.2004)",0
764,2023,"§9 Abs.2 StAngRegG, Dt.Volksz. im Ausland (b.2004)",0
765,2023,"§9 RuStAG, Ehegatten Deutscher (bis 1999)",0
766,2023,"§9 StAG, Ehe- oder Lebenspartner ist Deutscher",5635
767,2023,"§9 StAngRegG, Dt. Volkszugeh. im Ausland (b.2004)",0
