Jahr;Migrationsstatus;Geschlecht;Beruflicher Bildungsabschluss;Anzahl_1000;Bevölkerung   ;value_q
2021;Deutsche mit eigener Migrationserfahrung;männlich;Bachelor;86;Bevölkerung ab 15 J. in Hauptwohnsitzhaushalten;e
2022;Ausländer ohne eigene Migrationserfahrung;männlich;Lehre / Berufsausbildung;189;Bevölkerung ab 15 J. in Hauptwohnsitzhaushalten;e
2021;Ausländer mit eigener Migrationserfahrung;weiblich;Fachschulabschluss;175;Bevölkerung ab 15 J. in Hauptwohnsitzhaushalten;e
2021;Ohne Migrationshintergrund;männlich;Fachschulabschluss;3144;Bevölkerung ab 15 J. in Hauptwohnsitzhaushalten;e
2021;Ausländer ohne eigene Migrationserfahrung;männlich;Fachschulabschluss;35;Bevölkerung ab 15 J. in Hauptwohnsitzhaushalten;e
2023;Ohne Migrationshintergrund;weiblich;Mit beruflichem Bildungsabschluss;20705;Bevölkerung ab 15 J. in Hauptwohnsitzhaushalten;e
2022;Spätaussiedler;männlich;Bachelor;35;Bevölkerung ab 15 J. in Hauptwohnsitzhaushalten;e
2024;Ausländer ohne eigene Migrationserfahrung;männlich;Fachschulabschluss;38;Bevölkerung ab 15 J. in Hauptwohnsitzhaushalten;p
2024;Mit Migrationshintergrund;weiblich;Fachschulabschluss;838;Bevölkerung ab 15 J. in Hauptwohnsitzhaushalten;p
2024;Ausländer ohne eigene Migrationserfahrung;weiblich;Ohne beruflichen Bildungsabschluss;169;Bevölkerung ab 15 J. in Hauptwohnsitzhaushalten;p
2022;Ohne Migrationshintergrund;männlich;Diplom;3706;Bevölkerung ab 15 J. in Hauptwohnsitzhaushalten;e
2024;Deutsche mit eigener Migrationserfahrung;weiblich;Akademische Abschlüsse;613;Bevölkerung ab 15 J. in Hauptwohnsitzhaushalten;p
2022;Ausländer mit eigener Migrationserfahrung;männlich;Lehre / Berufsausbildung;814;Bevölkerung ab 15 J. in Hauptwohnsitzhaushalten;e
2021;Spätaussiedler;weiblich;Promotion;8;Bevölkerung ab 15 J. in Hauptwohnsitzhaushalten;()
2021;Ohne Migrationshintergrund;männlich;Mit beruflichem Bildungsabschluss;20925;Bevölkerung ab 15 J. in Hauptwohnsitzhaushalten;e
2024;Ausländer ohne eigene Migrationserfahrung;männlich;Mit beruflichem Bildungsabschluss;301;Bevölkerung ab 15 J. in Hauptwohnsitzhaushalten;p
2023;Ausländer mit eigener Migrationserfahrung;weiblich;Akademische Abschlüsse;1038;Bevölkerung ab 15 J. in Hauptwohnsitzhaushalten;e
2024;Mit Migrationshintergrund;weiblich;Mit beruflichem Bildungsabschluss;5422;Bevölkerung ab 15 J. in Hauptwohnsitzhaushalten;p
2023;Ausländer mit eigener Migrationserfahrung;männlich;Mit beruflichem Bildungsabschluss;1978;Bevölkerung ab 15 J. in Hauptwohnsitzhaushalten;e
2023;Deutsche mit eigener Migrationserfahrung;männlich;Lehre / Berufsausbildung;899;Bevölkerung ab 15 J. in Hauptwohnsitzhaushalten;e
2022;Ausländer mit eigener Migrationserfahrung;männlich;Master;193;Bevölkerung ab 15 J. in Hauptwohnsitzhaushalten;e
2024;Deutsche ohne eigene Migrationserfahrung;weiblich;Promotion;24;Bevölkerung ab 15 J. in Hauptwohnsitzhaushalten;p
2020;Ohne Migrationshintergrund;weiblich;In schulischer oder beruflicher Ausbildung;1882;Bevölkerung ab 15 J. in Hauptwohnsitzhaushalten;e
2024;Ohne Migrationshintergrund;männlich;Master;703;Bevölkerung ab 15 J. in Hauptwohnsitzhaushalten;p
2020;Mit Migrationshintergrund;männlich;Bachelor;395;Bevölkerung ab 15 J. in Hauptwohnsitzhaushalten;e
2021;Deutsche ohne eigene Migrationserfahrung;weiblich;Promotion;20;Bevölkerung ab 15 J. in Hauptwohnsitzhaushalten;e
2022;Deutsche mit eigener Migrationserfahrung;weiblich;Fachschulabschluss;264;Bevölkerung ab 15 J. in Hauptwohnsitzhaushalten;e
2024;Ausländer mit eigener Migrationserfahrung;männlich;In schulischer oder beruflicher Ausbildung;425;Bevölkerung ab 15 J. in Hauptwohnsitzhaushalten;p
2023;Deutsche mit eigener Migrationserfahrung;männlich;Master;77;Bevölkerung ab 15 J. in Hauptwohnsitzhaushalten;e
2023;Ausländer mit eigener Migrationserfahrung;männlich;Fachschulabschluss;210;Bevölkerung ab 15 J. in Hauptwohnsitzhaushalten;e
2021;Ohne Migrationshintergrund;weiblich;Ohne beruflichen Bildungsabschluss;6180;Bevölkerung ab 15 J. in Hauptwohnsitzhaushalten;e
2020;Ausländer mit eigener Migrationserfahrung;männlich;Bachelor;231;Bevölkerung ab 15 J. in Hauptwohnsitzhaushalten;e
2021;Ausländer ohne eigene Migrationserfahrung;weiblich;Ohne beruflichen Bildungsabschluss;194;Bevölkerung ab 15 J. in Hauptwohnsitzhaushalten;e
2022;Ausländer ohne eigene Migrationserfahrung;männlich;Master;9;Bevölkerung ab 15 J. in Hauptwohnsitzhaushalten;()
2024;Spätaussiedler;weiblich;Fachschulabschluss;206;Bevölkerung ab 15 J. in Hauptwohnsitzhaushalten;p
2021;Ausländer mit eigener Migrationserfahrung;weiblich;Mit beruflichem Bildungsabschluss;1493;Bevölkerung ab 15 J. in Hauptwohnsitzhaushalten;e
2022;Deutsche ohne eigene Migrationserfahrung;männlich;Bachelor;87;Bevölkerung ab 15 J. in Hauptwohnsitzhaushalten;e
2024;Spätaussiedler;männlich;Akademische Abschlüsse;188;Bevölkerung ab 15 J. in Hauptwohnsitzhaushalten;p
2022;Spätaussiedler;männlich;Diplom;106;Bevölkerung ab 15 J. in Hauptwohnsitzhaushalten;e
2024;Ohne Migrationshintergrund;männlich;Lehre / Berufsausbildung;11465;Bevölkerung ab 15 J. in Hauptwohnsitzhaushalten;p
2021;Ausländer ohne eigene Migrationserfahrung;männlich;Mit beruflichem Bildungsabschluss;290;Bevölkerung ab 15 J. in Hauptwohnsitzhaushalten;e
2023;Ohne Migrationshintergrund;weiblich;Fachschulabschluss;3280;Bevölkerung ab 15 J. in Hauptwohnsitzhaushalten;e
2022;Deutsche mit eigener Migrationserfahrung;weiblich;Mit beruflichem Bildungsabschluss;1740;Bevölkerung ab 15 J. in Hauptwohnsitzhaushalten;e
2022;Ausländer ohne eigene Migrationserfahrung;männlich;Nicht in schulischer oder beruflicher Ausbildung;187;Bevölkerung ab 15 J. in Hauptwohnsitzhaushalten;e
2024;Deutsche ohne eigene Migrationserfahrung;männlich;Akademische Abschlüsse;371;Bevölkerung ab 15 J. in Hauptwohnsitzhaushalten;p
2021;Deutsche mit eigener Migrationserfahrung;männlich;Promotion;43;Bevölkerung ab 15 J. in Hauptwohnsitzhaushalten;e
2024;Spätaussiedler;männlich;In schulischer oder beruflicher Ausbildung;16;Bevölkerung ab 15 J. in Hauptwohnsitzhaushalten;p
2021;Spätaussiedler;weiblich;Mit beruflichem Bildungsabschluss;970;Bevölkerung ab 15 J. in Hauptwohnsitzhaushalten;e
2021;Ohne Migrationshintergrund;männlich;Promotion;547;Bevölkerung ab 15 J. in Hauptwohnsitzhaushalten;e
2022;Spätaussiedler;weiblich;Master;23;Bevölkerung ab 15 J. in Hauptwohnsitzhaushalten;e
2021;Ausländer ohne eigene Migrationserfahrung;männlich;Promotion;0;Bevölkerung ab 15 J. in Hauptwohnsitzhaushalten;
2022;Spätaussiedler;männlich;Promotion;11;Bevölkerung ab 15 J. in Hauptwohnsitzhaushalten;e
2024;Ausländer ohne eigene Migrationserfahrung;männlich;Promotion;0;Bevölkerung ab 15 J. in Hauptwohnsitzhaushalten;
2023;Deutsche mit eigener Migrationserfahrung;weiblich;Diplom;331;Bevölkerung ab 15 J. in Hauptwohnsitzhaushalten;e
2021;Deutsche ohne eigene Migrationserfahrung;männlich;Akademische Abschlüsse;311;Bevölkerung ab 15 J. in Hauptwohnsitzhaushalten;e
2024;Ausländer ohne eigene Migrationserfahrung;weiblich;Master;0;Bevölkerung ab 15 J. in Hauptwohnsitzhaushalten;
2020;Ausländer mit eigener Migrationserfahrung;weiblich;Lehre / Berufsausbildung;658;Bevölkerung ab 15 J. in Hauptwohnsitzhaushalten;e
2023;Ausländer ohne eigene Migrationserfahrung;weiblich;Mit beruflichem Bildungsabschluss;230;Bevölkerung ab 15 J. in Hauptwohnsitzhaushalten;e
2022;Ohne Migrationshintergrund;männlich;Bachelor;766;Bevölkerung ab 15 J. in Hauptwohnsitzhaushalten;e
2021;Spätaussiedler;weiblich;Fachschulabschluss;163;Bevölkerung ab 15 J. in Hauptwohnsitzhaushalten;e
2022;Spätaussiedler;weiblich;Lehre / Berufsausbildung;594;Bevölkerung ab 15 J. in Hauptwohnsitzhaushalten;e
2023;Deutsche ohne eigene Migrationserfahrung;männlich;In schulischer oder beruflicher Ausbildung;649;Bevölkerung ab 15 J. in Hauptwohnsitzhaushalten;e
2024;Ohne Migrationshintergrund;weiblich;In schulischer oder beruflicher Ausbildung;1667;Bevölkerung ab 15 J. in Hauptwohnsitzhaushalten;p
2023;Deutsche mit eigener Migrationserfahrung;weiblich;In schulischer oder beruflicher Ausbildung;79;Bevölkerung ab 15 J. in Hauptwohnsitzhaushalten;e
2023;Mit Migrationshintergrund;weiblich;Akademische Abschlüsse;1983;Bevölkerung ab 15 J. in Hauptwohnsitzhaushalten;e
2023;Ausländer ohne eigene Migrationserfahrung;männlich;In schulischer oder beruflicher Ausbildung;57;Bevölkerung ab 15 J. in Hauptwohnsitzhaushalten;e
2022;Ausländer mit eigener Migrationserfahrung;männlich;Ohne beruflichen Bildungsabschluss;2473;Bevölkerung ab 15 J. in Hauptwohnsitzhaushalten;e
2021;Ohne Migrationshintergrund;weiblich;Lehre / Berufsausbildung;13055;Bevölkerung ab 15 J. in Hauptwohnsitzhaushalten;e
2021;Deutsche mit eigener Migrationserfahrung;weiblich;Lehre / Berufsausbildung;942;Bevölkerung ab 15 J. in Hauptwohnsitzhaushalten;e
2020;Mit Migrationshintergrund;männlich;Diplom;775;Bevölkerung ab 15 J. in Hauptwohnsitzhaushalten;e
2021;Deutsche ohne eigene Migrationserfahrung;weiblich;Bachelor;87;Bevölkerung ab 15 J. in Hauptwohnsitzhaushalten;e
2023;Deutsche ohne eigene Migrationserfahrung;weiblich;In schulischer oder beruflicher Ausbildung;628;Bevölkerung ab 15 J. in Hauptwohnsitzhaushalten;e
2020;Ausländer ohne eigene Migrationserfahrung;weiblich;Fachschulabschluss;35;Bevölkerung ab 15 J. in Hauptwohnsitzhaushalten;e
2024;Ohne Migrationshintergrund;männlich;Ohne beruflichen Bildungsabschluss;4149;Bevölkerung ab 15 J. in Hauptwohnsitzhaushalten;p
2022;Ausländer mit eigener Migrationserfahrung;weiblich;Diplom;341;Bevölkerung ab 15 J. in Hauptwohnsitzhaushalten;e
2021;Ausländer ohne eigene Migrationserfahrung;weiblich;Lehre / Berufsausbildung;157;Bevölkerung ab 15 J. in Hauptwohnsitzhaushalten;e
2023;Deutsche mit eigener Migrationserfahrung;männlich;Ohne beruflichen Bildungsabschluss;854;Bevölkerung ab 15 J. in Hauptwohnsitzhaushalten;e
2023;Ausländer mit eigener Migrationserfahrung;männlich;Promotion;69;Bevölkerung ab 15 J. in Hauptwohnsitzhaushalten;e
2020;Ausländer mit eigener Migrationserfahrung;männlich;Promotion;76;Bevölkerung ab 15 J. in Hauptwohnsitzhaushalten;e
2021;Ohne Migrationshintergrund;weiblich;Master;515;Bevölkerung ab 15 J. in Hauptwohnsitzhaushalten;e
2024;Ohne Migrationshintergrund;weiblich;Diplom;3069;Bevölkerung ab 15 J. in Hauptwohnsitzhaushalten;p
2021;Deutsche mit eigener Migrationserfahrung;weiblich;Master;71;Bevölkerung ab 15 J. in Hauptwohnsitzhaushalten;e
2020;Ausländer ohne eigene Migrationserfahrung;weiblich;Mit beruflichem Bildungsabschluss;255;Bevölkerung ab 15 J. in Hauptwohnsitzhaushalten;e
2022;Ohne Migrationshintergrund;weiblich;Lehre / Berufsausbildung;12904;Bevölkerung ab 15 J. in Hauptwohnsitzhaushalten;e
2022;Deutsche ohne eigene Migrationserfahrung;männlich;Diplom;146;Bevölkerung ab 15 J. in Hauptwohnsitzhaushalten;e
2024;Spätaussiedler;weiblich;Promotion;8;Bevölkerung ab 15 J. in Hauptwohnsitzhaushalten;()
2021;Deutsche ohne eigene Migrationserfahrung;männlich;Nicht in schulischer oder beruflicher Ausbildung;291;Bevölkerung ab 15 J. in Hauptwohnsitzhaushalten;e
2023;Ausländer ohne eigene Migrationserfahrung;weiblich;Fachschulabschluss;41;Bevölkerung ab 15 J. in Hauptwohnsitzhaushalten;e
2024;Ausländer ohne eigene Migrationserfahrung;weiblich;Lehre / Berufsausbildung;155;Bevölkerung ab 15 J. in Hauptwohnsitzhaushalten;p
2024;Deutsche ohne eigene Migrationserfahrung;weiblich;Bachelor;137;Bevölkerung ab 15 J. in Hauptwohnsitzhaushalten;p
2021;Ausländer ohne eigene Migrationserfahrung;weiblich;Master;0;Bevölkerung ab 15 J. in Hauptwohnsitzhaushalten;
2020;Ausländer mit eigener Migrationserfahrung;weiblich;Master;172;Bevölkerung ab 15 J. in Hauptwohnsitzhaushalten;e
2022;Ausländer ohne eigene Migrationserfahrung;weiblich;Bachelor;14;Bevölkerung ab 15 J. in Hauptwohnsitzhaushalten;e
2020;Spätaussiedler;männlich;Lehre / Berufsausbildung;584;Bevölkerung ab 15 J. in Hauptwohnsitzhaushalten;e
2023;Ausländer mit eigener Migrationserfahrung;weiblich;Lehre / Berufsausbildung;648;Bevölkerung ab 15 J. in Hauptwohnsitzhaushalten;e
2023;Deutsche ohne eigene Migrationserfahrung;männlich;Master;57;Bevölkerung ab 15 J. in Hauptwohnsitzhaushalten;e
2021;Mit Migrationshintergrund;männlich;Ohne beruflichen Bildungsabschluss;4152;Bevölkerung ab 15 J. in Hauptwohnsitzhaushalten;e
2020;Deutsche ohne eigene Migrationserfahrung;männlich;Master;43;Bevölkerung ab 15 J. in Hauptwohnsitzhaushalten;e
2022;Deutsche ohne eigene Migrationserfahrung;männlich;Mit beruflichem Bildungsabschluss;975;Bevölkerung ab 15 J. in Hauptwohnsitzhaushalten;e
2021;Mit Migrationshintergrund;weiblich;Diplom;792;Bevölkerung ab 15 J. in Hauptwohnsitzhaushalten;e
2024;Deutsche mit eigener Migrationserfahrung;weiblich;Master;92;Bevölkerung ab 15 J. in Hauptwohnsitzhaushalten;p
2021;Ohne Migrationshintergrund;männlich;Bachelor;702;Bevölkerung ab 15 J. in Hauptwohnsitzhaushalten;e
2022;Deutsche mit eigener Migrationserfahrung;männlich;Akademische Abschlüsse;460;Bevölkerung ab 15 J. in Hauptwohnsitzhaushalten;e
2021;Ausländer mit eigener Migrationserfahrung;weiblich;Bachelor;233;Bevölkerung ab 15 J. in Hauptwohnsitzhaushalten;e
2023;Spätaussiedler;männlich;Lehre / Berufsausbildung;574;Bevölkerung ab 15 J. in Hauptwohnsitzhaushalten;e
2022;Spätaussiedler;weiblich;Ohne beruflichen Bildungsabschluss;480;Bevölkerung ab 15 J. in Hauptwohnsitzhaushalten;e
2020;Ohne Migrationshintergrund;männlich;Lehre / Berufsausbildung;12841;Bevölkerung ab 15 J. in Hauptwohnsitzhaushalten;e
2024;Deutsche mit eigener Migrationserfahrung;männlich;Promotion;49;Bevölkerung ab 15 J. in Hauptwohnsitzhaushalten;p
2020;Deutsche mit eigener Migrationserfahrung;männlich;Mit beruflichem Bildungsabschluss;1559;Bevölkerung ab 15 J. in Hauptwohnsitzhaushalten;e
2022;Spätaussiedler;männlich;Fachschulabschluss;150;Bevölkerung ab 15 J. in Hauptwohnsitzhaushalten;e
2023;Deutsche mit eigener Migrationserfahrung;weiblich;Bachelor;121;Bevölkerung ab 15 J. in Hauptwohnsitzhaushalten;e
2021;Deutsche mit eigener Migrationserfahrung;männlich;Mit beruflichem Bildungsabschluss;1600;Bevölkerung ab 15 J. in Hauptwohnsitzhaushalten;e
2022;Ohne Migrationshintergrund;männlich;In schulischer oder beruflicher Ausbildung;1816;Bevölkerung ab 15 J. in Hauptwohnsitzhaushalten;e
2024;Mit Migrationshintergrund;weiblich;Bachelor;673;Bevölkerung ab 15 J. in Hauptwohnsitzhaushalten;p
2021;Deutsche ohne eigene Migrationserfahrung;weiblich;In schulischer oder beruflicher Ausbildung;585;Bevölkerung ab 15 J. in Hauptwohnsitzhaushalten;e
2023;Ausländer mit eigener Migrationserfahrung;weiblich;Master;245;Bevölkerung ab 15 J. in Hauptwohnsitzhaushalten;e
2020;Deutsche ohne eigene Migrationserfahrung;männlich;Lehre / Berufsausbildung;602;Bevölkerung ab 15 J. in Hauptwohnsitzhaushalten;e
2024;Ohne Migrationshintergrund;männlich;In schulischer oder beruflicher Ausbildung;1723;Bevölkerung ab 15 J. in Hauptwohnsitzhaushalten;p
2022;Ausländer mit eigener Migrationserfahrung;männlich;In schulischer oder beruflicher Ausbildung;342;Bevölkerung ab 15 J. in Hauptwohnsitzhaushalten;e
2020;Ohne Migrationshintergrund;männlich;Master;494;Bevölkerung ab 15 J. in Hauptwohnsitzhaushalten;e
2024;Mit Migrationshintergrund;männlich;Akademische Abschlüsse;1922;Bevölkerung ab 15 J. in Hauptwohnsitzhaushalten;p
2023;Ausländer ohne eigene Migrationserfahrung;männlich;Diplom;23;Bevölkerung ab 15 J. in Hauptwohnsitzhaushalten;e
2023;Deutsche mit eigener Migrationserfahrung;männlich;Akademische Abschlüsse;503;Bevölkerung ab 15 J. in Hauptwohnsitzhaushalten;e
2020;Mit Migrationshintergrund;männlich;Fachschulabschluss;514;Bevölkerung ab 15 J. in Hauptwohnsitzhaushalten;e
2020;Ausländer mit eigener Migrationserfahrung;männlich;Mit beruflichem Bildungsabschluss;1919;Bevölkerung ab 15 J. in Hauptwohnsitzhaushalten;e
2022;Ausländer ohne eigene Migrationserfahrung;männlich;Akademische Abschlüsse;51;Bevölkerung ab 15 J. in Hauptwohnsitzhaushalten;e
2021;Ausländer mit eigener Migrationserfahrung;männlich;Akademische Abschlüsse;702;Bevölkerung ab 15 J. in Hauptwohnsitzhaushalten;e
2022;Mit Migrationshintergrund;männlich;Diplom;676;Bevölkerung ab 15 J. in Hauptwohnsitzhaushalten;e
2022;Ausländer mit eigener Migrationserfahrung;weiblich;Bachelor;281;Bevölkerung ab 15 J. in Hauptwohnsitzhaushalten;e
2022;Deutsche mit eigener Migrationserfahrung;weiblich;Bachelor;110;Bevölkerung ab 15 J. in Hauptwohnsitzhaushalten;e
2020;Mit Migrationshintergrund;männlich;Mit beruflichem Bildungsabschluss;4838;Bevölkerung ab 15 J. in Hauptwohnsitzhaushalten;e
2022;Ausländer mit eigener Migrationserfahrung;männlich;Akademische Abschlüsse;776;Bevölkerung ab 15 J. in Hauptwohnsitzhaushalten;e
2020;Ausländer mit eigener Migrationserfahrung;männlich;Fachschulabschluss;178;Bevölkerung ab 15 J. in Hauptwohnsitzhaushalten;e
2022;Deutsche ohne eigene Migrationserfahrung;männlich;Fachschulabschluss;112;Bevölkerung ab 15 J. in Hauptwohnsitzhaushalten;e
2023;Deutsche ohne eigene Migrationserfahrung;männlich;Lehre / Berufsausbildung;539;Bevölkerung ab 15 J. in Hauptwohnsitzhaushalten;e
2020;Ausländer ohne eigene Migrationserfahrung;männlich;Diplom;26;Bevölkerung ab 15 J. in Hauptwohnsitzhaushalten;e
2021;Deutsche mit eigener Migrationserfahrung;weiblich;Ohne beruflichen Bildungsabschluss;963;Bevölkerung ab 15 J. in Hauptwohnsitzhaushalten;e
2023;Ausländer ohne eigene Migrationserfahrung;weiblich;In schulischer oder beruflicher Ausbildung;45;Bevölkerung ab 15 J. in Hauptwohnsitzhaushalten;e
2024;Ausländer mit eigener Migrationserfahrung;weiblich;Mit beruflichem Bildungsabschluss;2061;Bevölkerung ab 15 J. in Hauptwohnsitzhaushalten;p
2022;Deutsche ohne eigene Migrationserfahrung;weiblich;Ohne beruflichen Bildungsabschluss;883;Bevölkerung ab 15 J. in Hauptwohnsitzhaushalten;e
2020;Mit Migrationshintergrund;weiblich;Ohne beruflichen Bildungsabschluss;3970;Bevölkerung ab 15 J. in Hauptwohnsitzhaushalten;e
2020;Deutsche mit eigener Migrationserfahrung;männlich;Fachschulabschluss;187;Bevölkerung ab 15 J. in Hauptwohnsitzhaushalten;e
2020;Ausländer mit eigener Migrationserfahrung;weiblich;Ohne beruflichen Bildungsabschluss;2100;Bevölkerung ab 15 J. in Hauptwohnsitzhaushalten;e
2021;Ausländer ohne eigene Migrationserfahrung;weiblich;In schulischer oder beruflicher Ausbildung;61;Bevölkerung ab 15 J. in Hauptwohnsitzhaushalten;e
2022;Spätaussiedler;männlich;In schulischer oder beruflicher Ausbildung;23;Bevölkerung ab 15 J. in Hauptwohnsitzhaushalten;e
2021;Deutsche mit eigener Migrationserfahrung;männlich;Fachschulabschluss;224;Bevölkerung ab 15 J. in Hauptwohnsitzhaushalten;e
2020;Ausländer mit eigener Migrationserfahrung;weiblich;In schulischer oder beruflicher Ausbildung;256;Bevölkerung ab 15 J. in Hauptwohnsitzhaushalten;e
2020;Deutsche mit eigener Migrationserfahrung;weiblich;Ohne beruflichen Bildungsabschluss;825;Bevölkerung ab 15 J. in Hauptwohnsitzhaushalten;e
2024;Mit Migrationshintergrund;männlich;In schulischer oder beruflicher Ausbildung;1221;Bevölkerung ab 15 J. in Hauptwohnsitzhaushalten;p
2021;Deutsche mit eigener Migrationserfahrung;weiblich;Akademische Abschlüsse;522;Bevölkerung ab 15 J. in Hauptwohnsitzhaushalten;e
2021;Ausländer ohne eigene Migrationserfahrung;weiblich;Akademische Abschlüsse;34;Bevölkerung ab 15 J. in Hauptwohnsitzhaushalten;e
2021;Ausländer mit eigener Migrationserfahrung;weiblich;Promotion;37;Bevölkerung ab 15 J. in Hauptwohnsitzhaushalten;e
2024;Spätaussiedler;weiblich;Mit beruflichem Bildungsabschluss;1020;Bevölkerung ab 15 J. in Hauptwohnsitzhaushalten;p
2021;Mit Migrationshintergrund;männlich;Master;293;Bevölkerung ab 15 J. in Hauptwohnsitzhaushalten;e
2024;Ausländer mit eigener Migrationserfahrung;weiblich;Fachschulabschluss;256;Bevölkerung ab 15 J. in Hauptwohnsitzhaushalten;p
2021;Ohne Migrationshintergrund;männlich;Diplom;3902;Bevölkerung ab 15 J. in Hauptwohnsitzhaushalten;e
2020;Spätaussiedler;weiblich;Diplom;139;Bevölkerung ab 15 J. in Hauptwohnsitzhaushalten;e
2024;Deutsche mit eigener Migrationserfahrung;weiblich;Ohne beruflichen Bildungsabschluss;941;Bevölkerung ab 15 J. in Hauptwohnsitzhaushalten;p
2020;Mit Migrationshintergrund;weiblich;Lehre / Berufsausbildung;2345;Bevölkerung ab 15 J. in Hauptwohnsitzhaushalten;e
2024;Deutsche mit eigener Migrationserfahrung;männlich;Fachschulabschluss;259;Bevölkerung ab 15 J. in Hauptwohnsitzhaushalten;p
2023;Deutsche mit eigener Migrationserfahrung;weiblich;Promotion;34;Bevölkerung ab 15 J. in Hauptwohnsitzhaushalten;e
2024;Mit Migrationshintergrund;weiblich;Promotion;114;Bevölkerung ab 15 J. in Hauptwohnsitzhaushalten;p
2021;Deutsche mit eigener Migrationserfahrung;weiblich;In schulischer oder beruflicher Ausbildung;71;Bevölkerung ab 15 J. in Hauptwohnsitzhaushalten;e
2020;Spätaussiedler;männlich;Ohne beruflichen Bildungsabschluss;292;Bevölkerung ab 15 J. in Hauptwohnsitzhaushalten;e
2022;Ausländer ohne eigene Migrationserfahrung;weiblich;Diplom;15;Bevölkerung ab 15 J. in Hauptwohnsitzhaushalten;e
2023;Ausländer mit eigener Migrationserfahrung;weiblich;Ohne beruflichen Bildungsabschluss;2488;Bevölkerung ab 15 J. in Hauptwohnsitzhaushalten;e
2021;Mit Migrationshintergrund;männlich;Lehre / Berufsausbildung;2460;Bevölkerung ab 15 J. in Hauptwohnsitzhaushalten;e
2024;Deutsche mit eigener Migrationserfahrung;männlich;Mit beruflichem Bildungsabschluss;1696;Bevölkerung ab 15 J. in Hauptwohnsitzhaushalten;p
2024;Ausländer ohne eigene Migrationserfahrung;weiblich;Akademische Abschlüsse;42;Bevölkerung ab 15 J. in Hauptwohnsitzhaushalten;p
2024;Deutsche ohne eigene Migrationserfahrung;weiblich;Fachschulabschluss;205;Bevölkerung ab 15 J. in Hauptwohnsitzhaushalten;p
2020;Mit Migrationshintergrund;männlich;Promotion;153;Bevölkerung ab 15 J. in Hauptwohnsitzhaushalten;e
2021;Deutsche ohne eigene Migrationserfahrung;weiblich;Fachschulabschluss;134;Bevölkerung ab 15 J. in Hauptwohnsitzhaushalten;e
2020;Deutsche mit eigener Migrationserfahrung;weiblich;Akademische Abschlüsse;486;Bevölkerung ab 15 J. in Hauptwohnsitzhaushalten;e
2022;Deutsche ohne eigene Migrationserfahrung;weiblich;Lehre / Berufsausbildung;517;Bevölkerung ab 15 J. in Hauptwohnsitzhaushalten;e
2022;Deutsche mit eigener Migrationserfahrung;weiblich;Promotion;30;Bevölkerung ab 15 J. in Hauptwohnsitzhaushalten;e
2022;Ausländer mit eigener Migrationserfahrung;weiblich;Promotion;42;Bevölkerung ab 15 J. in Hauptwohnsitzhaushalten;e
2020;Ausländer mit eigener Migrationserfahrung;weiblich;Akademische Abschlüsse;813;Bevölkerung ab 15 J. in Hauptwohnsitzhaushalten;e
2024;Spätaussiedler;weiblich;Nicht in schulischer oder beruflicher Ausbildung;396;Bevölkerung ab 15 J. in Hauptwohnsitzhaushalten;p
2024;Deutsche ohne eigene Migrationserfahrung;weiblich;Mit beruflichem Bildungsabschluss;1235;Bevölkerung ab 15 J. in Hauptwohnsitzhaushalten;p
2020;Spätaussiedler;männlich;Master;18;Bevölkerung ab 15 J. in Hauptwohnsitzhaushalten;e
2020;Spätaussiedler;männlich;Nicht in schulischer oder beruflicher Ausbildung;263;Bevölkerung ab 15 J. in Hauptwohnsitzhaushalten;e
2022;Ausländer ohne eigene Migrationserfahrung;männlich;Ohne beruflichen Bildungsabschluss;252;Bevölkerung ab 15 J. in Hauptwohnsitzhaushalten;e
2022;Deutsche ohne eigene Migrationserfahrung;männlich;Promotion;25;Bevölkerung ab 15 J. in Hauptwohnsitzhaushalten;e
2021;Deutsche ohne eigene Migrationserfahrung;weiblich;Mit beruflichem Bildungsabschluss;966;Bevölkerung ab 15 J. in Hauptwohnsitzhaushalten;e
2024;Spätaussiedler;männlich;Nicht in schulischer oder beruflicher Ausbildung;294;Bevölkerung ab 15 J. in Hauptwohnsitzhaushalten;p
2023;Spätaussiedler;männlich;Master;22;Bevölkerung ab 15 J. in Hauptwohnsitzhaushalten;e
2020;Spätaussiedler;weiblich;Nicht in schulischer oder beruflicher Ausbildung;360;Bevölkerung ab 15 J. in Hauptwohnsitzhaushalten;e
2022;Deutsche ohne eigene Migrationserfahrung;weiblich;Master;53;Bevölkerung ab 15 J. in Hauptwohnsitzhaushalten;e
2020;Mit Migrationshintergrund;weiblich;Master;270;Bevölkerung ab 15 J. in Hauptwohnsitzhaushalten;e
2022;Spätaussiedler;männlich;Mit beruflichem Bildungsabschluss;913;Bevölkerung ab 15 J. in Hauptwohnsitzhaushalten;e
2023;Mit Migrationshintergrund;weiblich;Diplom;900;Bevölkerung ab 15 J. in Hauptwohnsitzhaushalten;e
2022;Spätaussiedler;weiblich;In schulischer oder beruflicher Ausbildung;21;Bevölkerung ab 15 J. in Hauptwohnsitzhaushalten;e
2022;Ausländer ohne eigene Migrationserfahrung;weiblich;Fachschulabschluss;33;Bevölkerung ab 15 J. in Hauptwohnsitzhaushalten;e
2020;Mit Migrationshintergrund;weiblich;Mit beruflichem Bildungsabschluss;4608;Bevölkerung ab 15 J. in Hauptwohnsitzhaushalten;e
2021;Mit Migrationshintergrund;weiblich;Nicht in schulischer oder beruflicher Ausbildung;3105;Bevölkerung ab 15 J. in Hauptwohnsitzhaushalten;e
2024;Ausländer mit eigener Migrationserfahrung;weiblich;Promotion;53;Bevölkerung ab 15 J. in Hauptwohnsitzhaushalten;p
2023;Mit Migrationshintergrund;männlich;Ohne beruflichen Bildungsabschluss;4743;Bevölkerung ab 15 J. in Hauptwohnsitzhaushalten;e
2021;Mit Migrationshintergrund;weiblich;Promotion;88;Bevölkerung ab 15 J. in Hauptwohnsitzhaushalten;e
2023;Spätaussiedler;weiblich;Bachelor;44;Bevölkerung ab 15 J. in Hauptwohnsitzhaushalten;e
2022;Deutsche mit eigener Migrationserfahrung;männlich;Master;69;Bevölkerung ab 15 J. in Hauptwohnsitzhaushalten;e
2022;Mit Migrationshintergrund;weiblich;Bachelor;502;Bevölkerung ab 15 J. in Hauptwohnsitzhaushalten;e
2023;Deutsche ohne eigene Migrationserfahrung;weiblich;Bachelor;110;Bevölkerung ab 15 J. in Hauptwohnsitzhaushalten;e
2020;Ausländer ohne eigene Migrationserfahrung;weiblich;Master;0;Bevölkerung ab 15 J. in Hauptwohnsitzhaushalten;
2024;Mit Migrationshintergrund;männlich;Master;424;Bevölkerung ab 15 J. in Hauptwohnsitzhaushalten;p
2023;Deutsche mit eigener Migrationserfahrung;weiblich;Fachschulabschluss;303;Bevölkerung ab 15 J. in Hauptwohnsitzhaushalten;e
2022;Ausländer ohne eigene Migrationserfahrung;weiblich;Mit beruflichem Bildungsabschluss;224;Bevölkerung ab 15 J. in Hauptwohnsitzhaushalten;e
2020;Mit Migrationshintergrund;weiblich;Fachschulabschluss;610;Bevölkerung ab 15 J. in Hauptwohnsitzhaushalten;e
2023;Deutsche ohne eigene Migrationserfahrung;männlich;Akademische Abschlüsse;324;Bevölkerung ab 15 J. in Hauptwohnsitzhaushalten;e
2020;Deutsche ohne eigene Migrationserfahrung;weiblich;Ohne beruflichen Bildungsabschluss;838;Bevölkerung ab 15 J. in Hauptwohnsitzhaushalten;e
2022;Spätaussiedler;weiblich;Mit beruflichem Bildungsabschluss;973;Bevölkerung ab 15 J. in Hauptwohnsitzhaushalten;e
2022;Mit Migrationshintergrund;männlich;Nicht in schulischer oder beruflicher Ausbildung;3403;Bevölkerung ab 15 J. in Hauptwohnsitzhaushalten;e
2022;Deutsche mit eigener Migrationserfahrung;männlich;Lehre / Berufsausbildung;922;Bevölkerung ab 15 J. in Hauptwohnsitzhaushalten;e
2020;Deutsche mit eigener Migrationserfahrung;männlich;Ohne beruflichen Bildungsabschluss;684;Bevölkerung ab 15 J. in Hauptwohnsitzhaushalten;e
2023;Mit Migrationshintergrund;weiblich;In schulischer oder beruflicher Ausbildung;1086;Bevölkerung ab 15 J. in Hauptwohnsitzhaushalten;e
2020;Ohne Migrationshintergrund;weiblich;Bachelor;716;Bevölkerung ab 15 J. in Hauptwohnsitzhaushalten;e
2022;Ausländer mit eigener Migrationserfahrung;weiblich;Akademische Abschlüsse;865;Bevölkerung ab 15 J. in Hauptwohnsitzhaushalten;e
2020;Deutsche mit eigener Migrationserfahrung;weiblich;Diplom;320;Bevölkerung ab 15 J. in Hauptwohnsitzhaushalten;e
2022;Mit Migrationshintergrund;männlich;Akademische Abschlüsse;1597;Bevölkerung ab 15 J. in Hauptwohnsitzhaushalten;e
2023;Ohne Migrationshintergrund;männlich;Diplom;3675;Bevölkerung ab 15 J. in Hauptwohnsitzhaushalten;e
2020;Spätaussiedler;weiblich;Master;16;Bevölkerung ab 15 J. in Hauptwohnsitzhaushalten;e
2021;Deutsche mit eigener Migrationserfahrung;weiblich;Mit beruflichem Bildungsabschluss;1733;Bevölkerung ab 15 J. in Hauptwohnsitzhaushalten;e
2022;Ohne Migrationshintergrund;weiblich;Fachschulabschluss;3011;Bevölkerung ab 15 J. in Hauptwohnsitzhaushalten;e
2024;Ausländer mit eigener Migrationserfahrung;männlich;Akademische Abschlüsse;975;Bevölkerung ab 15 J. in Hauptwohnsitzhaushalten;p
2024;Ohne Migrationshintergrund;weiblich;Mit beruflichem Bildungsabschluss;20711;Bevölkerung ab 15 J. in Hauptwohnsitzhaushalten;p
2024;Deutsche mit eigener Migrationserfahrung;männlich;Lehre / Berufsausbildung;910;Bevölkerung ab 15 J. in Hauptwohnsitzhaushalten;p
2022;Spätaussiedler;weiblich;Fachschulabschluss;165;Bevölkerung ab 15 J. in Hauptwohnsitzhaushalten;e
2020;Deutsche ohne eigene Migrationserfahrung;männlich;Fachschulabschluss;117;Bevölkerung ab 15 J. in Hauptwohnsitzhaushalten;e
2020;Ohne Migrationshintergrund;männlich;Akademische Abschlüsse;5728;Bevölkerung ab 15 J. in Hauptwohnsitzhaushalten;e
2024;Mit Migrationshintergrund;männlich;Nicht in schulischer oder beruflicher Ausbildung;3626;Bevölkerung ab 15 J. in Hauptwohnsitzhaushalten;p
2020;Spätaussiedler;männlich;Promotion;11;Bevölkerung ab 15 J. in Hauptwohnsitzhaushalten;()
2020;Spätaussiedler;weiblich;Lehre / Berufsausbildung;573;Bevölkerung ab 15 J. in Hauptwohnsitzhaushalten;e
2024;Ausländer mit eigener Migrationserfahrung;männlich;Nicht in schulischer oder beruflicher Ausbildung;2328;Bevölkerung ab 15 J. in Hauptwohnsitzhaushalten;p
2020;Ausländer mit eigener Migrationserfahrung;weiblich;Nicht in schulischer oder beruflicher Ausbildung;1843;Bevölkerung ab 15 J. in Hauptwohnsitzhaushalten;e
2022;Ohne Migrationshintergrund;weiblich;Mit beruflichem Bildungsabschluss;20673;Bevölkerung ab 15 J. in Hauptwohnsitzhaushalten;e
2024;Ohne Migrationshintergrund;weiblich;Fachschulabschluss;3294;Bevölkerung ab 15 J. in Hauptwohnsitzhaushalten;p
2024;Deutsche mit eigener Migrationserfahrung;männlich;Master;81;Bevölkerung ab 15 J. in Hauptwohnsitzhaushalten;p
2020;Mit Migrationshintergrund;männlich;In schulischer oder beruflicher Ausbildung;1142;Bevölkerung ab 15 J. in Hauptwohnsitzhaushalten;e
2021;Deutsche ohne eigene Migrationserfahrung;männlich;Diplom;156;Bevölkerung ab 15 J. in Hauptwohnsitzhaushalten;e
2023;Spätaussiedler;männlich;Ohne beruflichen Bildungsabschluss;353;Bevölkerung ab 15 J. in Hauptwohnsitzhaushalten;e
2020;Ausländer ohne eigene Migrationserfahrung;männlich;Promotion;0;Bevölkerung ab 15 J. in Hauptwohnsitzhaushalten;
2023;Spätaussiedler;weiblich;In schulischer oder beruflicher Ausbildung;18;Bevölkerung ab 15 J. in Hauptwohnsitzhaushalten;e
2024;Ausländer mit eigener Migrationserfahrung;weiblich;Bachelor;380;Bevölkerung ab 15 J. in Hauptwohnsitzhaushalten;p
2020;Ausländer ohne eigene Migrationserfahrung;weiblich;Lehre / Berufsausbildung;182;Bevölkerung ab 15 J. in Hauptwohnsitzhaushalten;e
2023;Ausländer ohne eigene Migrationserfahrung;männlich;Ohne beruflichen Bildungsabschluss;244;Bevölkerung ab 15 J. in Hauptwohnsitzhaushalten;e
2021;Ausländer mit eigener Migrationserfahrung;männlich;Bachelor;237;Bevölkerung ab 15 J. in Hauptwohnsitzhaushalten;e
2022;Ausländer mit eigener Migrationserfahrung;weiblich;Nicht in schulischer oder beruflicher Ausbildung;2060;Bevölkerung ab 15 J. in Hauptwohnsitzhaushalten;e
2022;Mit Migrationshintergrund;weiblich;In schulischer oder beruflicher Ausbildung;1033;Bevölkerung ab 15 J. in Hauptwohnsitzhaushalten;e
2023;Deutsche mit eigener Migrationserfahrung;weiblich;Mit beruflichem Bildungsabschluss;1791;Bevölkerung ab 15 J. in Hauptwohnsitzhaushalten;e
2023;Ausländer ohne eigene Migrationserfahrung;weiblich;Diplom;18;Bevölkerung ab 15 J. in Hauptwohnsitzhaushalten;e
2022;Ausländer ohne eigene Migrationserfahrung;weiblich;Promotion;0;Bevölkerung ab 15 J. in Hauptwohnsitzhaushalten;
2024;Spätaussiedler;männlich;Master;23;Bevölkerung ab 15 J. in Hauptwohnsitzhaushalten;p
2022;Mit Migrationshintergrund;weiblich;Diplom;815;Bevölkerung ab 15 J. in Hauptwohnsitzhaushalten;e
2023;Deutsche ohne eigene Migrationserfahrung;männlich;Ohne beruflichen Bildungsabschluss;986;Bevölkerung ab 15 J. in Hauptwohnsitzhaushalten;e
2022;Deutsche ohne eigene Migrationserfahrung;weiblich;Fachschulabschluss;136;Bevölkerung ab 15 J. in Hauptwohnsitzhaushalten;e
2020;Deutsche ohne eigene Migrationserfahrung;weiblich;Lehre / Berufsausbildung;578;Bevölkerung ab 15 J. in Hauptwohnsitzhaushalten;e
2021;Mit Migrationshintergrund;weiblich;Bachelor;432;Bevölkerung ab 15 J. in Hauptwohnsitzhaushalten;e
2021;Ausländer ohne eigene Migrationserfahrung;weiblich;Nicht in schulischer oder beruflicher Ausbildung;132;Bevölkerung ab 15 J. in Hauptwohnsitzhaushalten;e
2023;Deutsche ohne eigene Migrationserfahrung;weiblich;Diplom;148;Bevölkerung ab 15 J. in Hauptwohnsitzhaushalten;e
2022;Deutsche mit eigener Migrationserfahrung;männlich;Ohne beruflichen Bildungsabschluss;853;Bevölkerung ab 15 J. in Hauptwohnsitzhaushalten;e
2022;Mit Migrationshintergrund;männlich;Ohne beruflichen Bildungsabschluss;4535;Bevölkerung ab 15 J. in Hauptwohnsitzhaushalten;e
2024;Mit Migrationshintergrund;männlich;Ohne beruflichen Bildungsabschluss;4847;Bevölkerung ab 15 J. in Hauptwohnsitzhaushalten;p
2023;Spätaussiedler;weiblich;Diplom;149;Bevölkerung ab 15 J. in Hauptwohnsitzhaushalten;e
2023;Ausländer ohne eigene Migrationserfahrung;weiblich;Nicht in schulischer oder beruflicher Ausbildung;133;Bevölkerung ab 15 J. in Hauptwohnsitzhaushalten;e
2023;Ohne Migrationshintergrund;weiblich;Lehre / Berufsausbildung;12549;Bevölkerung ab 15 J. in Hauptwohnsitzhaushalten;e
2024;Mit Migrationshintergrund;weiblich;Diplom;933;Bevölkerung ab 15 J. in Hauptwohnsitzhaushalten;p
2023;Mit Migrationshintergrund;männlich;Master;384;Bevölkerung ab 15 J. in Hauptwohnsitzhaushalten;e
2024;Spätaussiedler;männlich;Lehre / Berufsausbildung;569;Bevölkerung ab 15 J. in Hauptwohnsitzhaushalten;p
2023;Deutsche mit eigener Migrationserfahrung;weiblich;Nicht in schulischer oder beruflicher Ausbildung;903;Bevölkerung ab 15 J. in Hauptwohnsitzhaushalten;e
2020;Mit Migrationshintergrund;weiblich;Promotion;91;Bevölkerung ab 15 J. in Hauptwohnsitzhaushalten;e
2022;Deutsche ohne eigene Migrationserfahrung;weiblich;Mit beruflichem Bildungsabschluss;966;Bevölkerung ab 15 J. in Hauptwohnsitzhaushalten;e
2020;Deutsche ohne eigene Migrationserfahrung;weiblich;Master;39;Bevölkerung ab 15 J. in Hauptwohnsitzhaushalten;e
2020;Ohne Migrationshintergrund;männlich;Ohne beruflichen Bildungsabschluss;4409;Bevölkerung ab 15 J. in Hauptwohnsitzhaushalten;e
2022;Deutsche mit eigener Migrationserfahrung;weiblich;Nicht in schulischer oder beruflicher Ausbildung;915;Bevölkerung ab 15 J. in Hauptwohnsitzhaushalten;e
2023;Ohne Migrationshintergrund;männlich;Bachelor;825;Bevölkerung ab 15 J. in Hauptwohnsitzhaushalten;e
2020;Spätaussiedler;männlich;Mit beruflichem Bildungsabschluss;882;Bevölkerung ab 15 J. in Hauptwohnsitzhaushalten;e
2020;Ohne Migrationshintergrund;weiblich;Diplom;3164;Bevölkerung ab 15 J. in Hauptwohnsitzhaushalten;e
2020;Deutsche mit eigener Migrationserfahrung;weiblich;Bachelor;83;Bevölkerung ab 15 J. in Hauptwohnsitzhaushalten;e
2023;Ohne Migrationshintergrund;weiblich;Master;599;Bevölkerung ab 15 J. in Hauptwohnsitzhaushalten;e
2021;Mit Migrationshintergrund;weiblich;In schulischer oder beruflicher Ausbildung;952;Bevölkerung ab 15 J. in Hauptwohnsitzhaushalten;e
2023;Mit Migrationshintergrund;männlich;Lehre / Berufsausbildung;2476;Bevölkerung ab 15 J. in Hauptwohnsitzhaushalten;e
2020;Spätaussiedler;weiblich;Ohne beruflichen Bildungsabschluss;384;Bevölkerung ab 15 J. in Hauptwohnsitzhaushalten;e
2023;Ausländer mit eigener Migrationserfahrung;weiblich;Nicht in schulischer oder beruflicher Ausbildung;2154;Bevölkerung ab 15 J. in Hauptwohnsitzhaushalten;e
2024;Deutsche mit eigener Migrationserfahrung;weiblich;Diplom;348;Bevölkerung ab 15 J. in Hauptwohnsitzhaushalten;p
2021;Spätaussiedler;männlich;Diplom;111;Bevölkerung ab 15 J. in Hauptwohnsitzhaushalten;e
2023;Spätaussiedler;männlich;Akademische Abschlüsse;184;Bevölkerung ab 15 J. in Hauptwohnsitzhaushalten;e
2021;Ausländer mit eigener Migrationserfahrung;weiblich;Master;184;Bevölkerung ab 15 J. in Hauptwohnsitzhaushalten;e
2024;Ausländer mit eigener Migrationserfahrung;weiblich;In schulischer oder beruflicher Ausbildung;357;Bevölkerung ab 15 J. in Hauptwohnsitzhaushalten;p
2024;Deutsche mit eigener Migrationserfahrung;männlich;Ohne beruflichen Bildungsabschluss;832;Bevölkerung ab 15 J. in Hauptwohnsitzhaushalten;p
2020;Deutsche ohne eigene Migrationserfahrung;männlich;Promotion;31;Bevölkerung ab 15 J. in Hauptwohnsitzhaushalten;e
2020;Spätaussiedler;männlich;Fachschulabschluss;125;Bevölkerung ab 15 J. in Hauptwohnsitzhaushalten;e
2023;Ausländer ohne eigene Migrationserfahrung;männlich;Lehre / Berufsausbildung;200;Bevölkerung ab 15 J. in Hauptwohnsitzhaushalten;e
2022;Deutsche mit eigener Migrationserfahrung;weiblich;Diplom;317;Bevölkerung ab 15 J. in Hauptwohnsitzhaushalten;e
2021;Mit Migrationshintergrund;männlich;Akademische Abschlüsse;1517;Bevölkerung ab 15 J. in Hauptwohnsitzhaushalten;e
2024;Ausländer mit eigener Migrationserfahrung;männlich;Ohne beruflichen Bildungsabschluss;2754;Bevölkerung ab 15 J. in Hauptwohnsitzhaushalten;p
2021;Ohne Migrationshintergrund;weiblich;Nicht in schulischer oder beruflicher Ausbildung;4368;Bevölkerung ab 15 J. in Hauptwohnsitzhaushalten;e
2020;Ausländer ohne eigene Migrationserfahrung;männlich;Bachelor;18;Bevölkerung ab 15 J. in Hauptwohnsitzhaushalten;()
2021;Ausländer mit eigener Migrationserfahrung;weiblich;Lehre / Berufsausbildung;554;Bevölkerung ab 15 J. in Hauptwohnsitzhaushalten;e
2021;Spätaussiedler;männlich;Nicht in schulischer oder beruflicher Ausbildung;323;Bevölkerung ab 15 J. in Hauptwohnsitzhaushalten;e
2024;Ausländer mit eigener Migrationserfahrung;weiblich;Diplom;404;Bevölkerung ab 15 J. in Hauptwohnsitzhaushalten;p
2020;Deutsche mit eigener Migrationserfahrung;weiblich;In schulischer oder beruflicher Ausbildung;82;Bevölkerung ab 15 J. in Hauptwohnsitzhaushalten;e
2021;Ausländer mit eigener Migrationserfahrung;männlich;Promotion;53;Bevölkerung ab 15 J. in Hauptwohnsitzhaushalten;e
2023;Spätaussiedler;männlich;Nicht in schulischer oder beruflicher Ausbildung;335;Bevölkerung ab 15 J. in Hauptwohnsitzhaushalten;e
2023;Ausländer ohne eigene Migrationserfahrung;männlich;Master;8;Bevölkerung ab 15 J. in Hauptwohnsitzhaushalten;()
2021;Ausländer ohne eigene Migrationserfahrung;männlich;Bachelor;18;Bevölkerung ab 15 J. in Hauptwohnsitzhaushalten;e
2021;Deutsche ohne eigene Migrationserfahrung;weiblich;Master;46;Bevölkerung ab 15 J. in Hauptwohnsitzhaushalten;e
2023;Deutsche ohne eigene Migrationserfahrung;weiblich;Mit beruflichem Bildungsabschluss;1019;Bevölkerung ab 15 J. in Hauptwohnsitzhaushalten;e
2021;Spätaussiedler;weiblich;Lehre / Berufsausbildung;593;Bevölkerung ab 15 J. in Hauptwohnsitzhaushalten;e
2023;Spätaussiedler;weiblich;Fachschulabschluss;185;Bevölkerung ab 15 J. in Hauptwohnsitzhaushalten;e
2024;Spätaussiedler;männlich;Ohne beruflichen Bildungsabschluss;311;Bevölkerung ab 15 J. in Hauptwohnsitzhaushalten;p
2022;Mit Migrationshintergrund;weiblich;Fachschulabschluss;640;Bevölkerung ab 15 J. in Hauptwohnsitzhaushalten;e
2023;Mit Migrationshintergrund;weiblich;Promotion;112;Bevölkerung ab 15 J. in Hauptwohnsitzhaushalten;e
2020;Ohne Migrationshintergrund;weiblich;Mit beruflichem Bildungsabschluss;21331;Bevölkerung ab 15 J. in Hauptwohnsitzhaushalten;e
2020;Spätaussiedler;weiblich;Akademische Abschlüsse;192;Bevölkerung ab 15 J. in Hauptwohnsitzhaushalten;e
2022;Deutsche ohne eigene Migrationserfahrung;weiblich;Nicht in schulischer oder beruflicher Ausbildung;283;Bevölkerung ab 15 J. in Hauptwohnsitzhaushalten;e
2023;Deutsche mit eigener Migrationserfahrung;männlich;In schulischer oder beruflicher Ausbildung;80;Bevölkerung ab 15 J. in Hauptwohnsitzhaushalten;e
2020;Ausländer ohne eigene Migrationserfahrung;weiblich;Akademische Abschlüsse;37;Bevölkerung ab 15 J. in Hauptwohnsitzhaushalten;e
2023;Spätaussiedler;weiblich;Mit beruflichem Bildungsabschluss;979;Bevölkerung ab 15 J. in Hauptwohnsitzhaushalten;e
2022;Mit Migrationshintergrund;weiblich;Mit beruflichem Bildungsabschluss;4600;Bevölkerung ab 15 J. in Hauptwohnsitzhaushalten;e
2022;Deutsche ohne eigene Migrationserfahrung;weiblich;In schulischer oder beruflicher Ausbildung;600;Bevölkerung ab 15 J. in Hauptwohnsitzhaushalten;e
2023;Ohne Migrationshintergrund;männlich;Promotion;573;Bevölkerung ab 15 J. in Hauptwohnsitzhaushalten;e
2023;Ohne Migrationshintergrund;männlich;In schulischer oder beruflicher Ausbildung;1781;Bevölkerung ab 15 J. in Hauptwohnsitzhaushalten;e
2020;Ohne Migrationshintergrund;weiblich;Fachschulabschluss;2965;Bevölkerung ab 15 J. in Hauptwohnsitzhaushalten;e
2023;Ohne Migrationshintergrund;weiblich;Ohne beruflichen Bildungsabschluss;5819;Bevölkerung ab 15 J. in Hauptwohnsitzhaushalten;e
2020;Deutsche ohne eigene Migrationserfahrung;weiblich;Akademische Abschlüsse;299;Bevölkerung ab 15 J. in Hauptwohnsitzhaushalten;e
2023;Ohne Migrationshintergrund;männlich;Fachschulabschluss;3276;Bevölkerung ab 15 J. in Hauptwohnsitzhaushalten;e
2022;Ohne Migrationshintergrund;weiblich;Bachelor;827;Bevölkerung ab 15 J. in Hauptwohnsitzhaushalten;e
2024;Ohne Migrationshintergrund;männlich;Akademische Abschlüsse;5833;Bevölkerung ab 15 J. in Hauptwohnsitzhaushalten;p
2024;Ausländer ohne eigene Migrationserfahrung;männlich;Master;0;Bevölkerung ab 15 J. in Hauptwohnsitzhaushalten;
2024;Ausländer ohne eigene Migrationserfahrung;männlich;In schulischer oder beruflicher Ausbildung;49;Bevölkerung ab 15 J. in Hauptwohnsitzhaushalten;p
2023;Ausländer mit eigener Migrationserfahrung;männlich;Bachelor;319;Bevölkerung ab 15 J. in Hauptwohnsitzhaushalten;e
2024;Deutsche ohne eigene Migrationserfahrung;männlich;Ohne beruflichen Bildungsabschluss;1034;Bevölkerung ab 15 J. in Hauptwohnsitzhaushalten;p
2024;Ohne Migrationshintergrund;weiblich;Bachelor;947;Bevölkerung ab 15 J. in Hauptwohnsitzhaushalten;p
2021;Deutsche ohne eigene Migrationserfahrung;weiblich;Lehre / Berufsausbildung;528;Bevölkerung ab 15 J. in Hauptwohnsitzhaushalten;e
2023;Deutsche ohne eigene Migrationserfahrung;weiblich;Fachschulabschluss;163;Bevölkerung ab 15 J. in Hauptwohnsitzhaushalten;e
2024;Ausländer mit eigener Migrationserfahrung;männlich;Master;266;Bevölkerung ab 15 J. in Hauptwohnsitzhaushalten;p
2021;Deutsche ohne eigene Migrationserfahrung;männlich;Promotion;27;Bevölkerung ab 15 J. in Hauptwohnsitzhaushalten;e
2023;Mit Migrationshintergrund;männlich;Akademische Abschlüsse;1810;Bevölkerung ab 15 J. in Hauptwohnsitzhaushalten;e
2021;Spätaussiedler;männlich;Bachelor;33;Bevölkerung ab 15 J. in Hauptwohnsitzhaushalten;e
2024;Spätaussiedler;weiblich;Bachelor;44;Bevölkerung ab 15 J. in Hauptwohnsitzhaushalten;p
2023;Ausländer ohne eigene Migrationserfahrung;weiblich;Promotion;0;Bevölkerung ab 15 J. in Hauptwohnsitzhaushalten;
2024;Deutsche ohne eigene Migrationserfahrung;weiblich;Diplom;164;Bevölkerung ab 15 J. in Hauptwohnsitzhaushalten;p
2021;Ausländer ohne eigene Migrationserfahrung;männlich;Diplom;23;Bevölkerung ab 15 J. in Hauptwohnsitzhaushalten;e
2022;Ohne Migrationshintergrund;männlich;Akademische Abschlüsse;5627;Bevölkerung ab 15 J. in Hauptwohnsitzhaushalten;e
2021;Ohne Migrationshintergrund;weiblich;Akademische Abschlüsse;4717;Bevölkerung ab 15 J. in Hauptwohnsitzhaushalten;e
2021;Deutsche mit eigener Migrationserfahrung;männlich;Diplom;260;Bevölkerung ab 15 J. in Hauptwohnsitzhaushalten;e
2020;Ausländer ohne eigene Migrationserfahrung;weiblich;Ohne beruflichen Bildungsabschluss;208;Bevölkerung ab 15 J. in Hauptwohnsitzhaushalten;e
2021;Mit Migrationshintergrund;weiblich;Mit beruflichem Bildungsabschluss;4417;Bevölkerung ab 15 J. in Hauptwohnsitzhaushalten;e
2024;Ausländer mit eigener Migrationserfahrung;männlich;Lehre / Berufsausbildung;910;Bevölkerung ab 15 J. in Hauptwohnsitzhaushalten;p
2023;Spätaussiedler;weiblich;Promotion;9;Bevölkerung ab 15 J. in Hauptwohnsitzhaushalten;()
2021;Mit Migrationshintergrund;weiblich;Fachschulabschluss;608;Bevölkerung ab 15 J. in Hauptwohnsitzhaushalten;e
2020;Deutsche mit eigener Migrationserfahrung;männlich;Lehre / Berufsausbildung;935;Bevölkerung ab 15 J. in Hauptwohnsitzhaushalten;e
2023;Ohne Migrationshintergrund;männlich;Nicht in schulischer oder beruflicher Ausbildung;2668;Bevölkerung ab 15 J. in Hauptwohnsitzhaushalten;e
2020;Ohne Migrationshintergrund;weiblich;Nicht in schulischer oder beruflicher Ausbildung;4137;Bevölkerung ab 15 J. in Hauptwohnsitzhaushalten;e
2023;Deutsche ohne eigene Migrationserfahrung;weiblich;Promotion;23;Bevölkerung ab 15 J. in Hauptwohnsitzhaushalten;e
2022;Mit Migrationshintergrund;weiblich;Promotion;94;Bevölkerung ab 15 J. in Hauptwohnsitzhaushalten;e
2023;Ausländer ohne eigene Migrationserfahrung;männlich;Akademische Abschlüsse;55;Bevölkerung ab 15 J. in Hauptwohnsitzhaushalten;e
2023;Mit Migrationshintergrund;weiblich;Bachelor;584;Bevölkerung ab 15 J. in Hauptwohnsitzhaushalten;e
2021;Ausländer mit eigener Migrationserfahrung;männlich;Nicht in schulischer oder beruflicher Ausbildung;1921;Bevölkerung ab 15 J. in Hauptwohnsitzhaushalten;e
2021;Deutsche mit eigener Migrationserfahrung;männlich;Nicht in schulischer oder beruflicher Ausbildung;713;Bevölkerung ab 15 J. in Hauptwohnsitzhaushalten;e
2023;Ohne Migrationshintergrund;männlich;Mit beruflichem Bildungsabschluss;20629;Bevölkerung ab 15 J. in Hauptwohnsitzhaushalten;e
2020;Deutsche ohne eigene Migrationserfahrung;männlich;Mit beruflichem Bildungsabschluss;1042;Bevölkerung ab 15 J. in Hauptwohnsitzhaushalten;e
2024;Ausländer ohne eigene Migrationserfahrung;männlich;Lehre / Berufsausbildung;213;Bevölkerung ab 15 J. in Hauptwohnsitzhaushalten;p
2020;Deutsche mit eigener Migrationserfahrung;männlich;Master;52;Bevölkerung ab 15 J. in Hauptwohnsitzhaushalten;e
2023;Ausländer mit eigener Migrationserfahrung;männlich;In schulischer oder beruflicher Ausbildung;380;Bevölkerung ab 15 J. in Hauptwohnsitzhaushalten;e
2021;Deutsche ohne eigene Migrationserfahrung;männlich;In schulischer oder beruflicher Ausbildung;612;Bevölkerung ab 15 J. in Hauptwohnsitzhaushalten;e
2020;Ohne Migrationshintergrund;weiblich;Promotion;305;Bevölkerung ab 15 J. in Hauptwohnsitzhaushalten;e
2024;Deutsche mit eigener Migrationserfahrung;männlich;Nicht in schulischer oder beruflicher Ausbildung;745;Bevölkerung ab 15 J. in Hauptwohnsitzhaushalten;p
2020;Ausländer ohne eigene Migrationserfahrung;männlich;Mit beruflichem Bildungsabschluss;318;Bevölkerung ab 15 J. in Hauptwohnsitzhaushalten;e
2024;Deutsche ohne eigene Migrationserfahrung;männlich;Lehre / Berufsausbildung;656;Bevölkerung ab 15 J. in Hauptwohnsitzhaushalten;p
2022;Ohne Migrationshintergrund;weiblich;Promotion;316;Bevölkerung ab 15 J. in Hauptwohnsitzhaushalten;e
2023;Mit Migrationshintergrund;männlich;Nicht in schulischer oder beruflicher Ausbildung;3577;Bevölkerung ab 15 J. in Hauptwohnsitzhaushalten;e
2024;Deutsche ohne eigene Migrationserfahrung;männlich;In schulischer oder beruflicher Ausbildung;659;Bevölkerung ab 15 J. in Hauptwohnsitzhaushalten;p
2023;Ausländer mit eigener Migrationserfahrung;männlich;Diplom;297;Bevölkerung ab 15 J. in Hauptwohnsitzhaushalten;e
2020;Ausländer mit eigener Migrationserfahrung;männlich;Lehre / Berufsausbildung;936;Bevölkerung ab 15 J. in Hauptwohnsitzhaushalten;e
2020;Ausländer ohne eigene Migrationserfahrung;männlich;Fachschulabschluss;31;Bevölkerung ab 15 J. in Hauptwohnsitzhaushalten;e
2020;Mit Migrationshintergrund;weiblich;Nicht in schulischer oder beruflicher Ausbildung;2980;Bevölkerung ab 15 J. in Hauptwohnsitzhaushalten;e
2024;Deutsche ohne eigene Migrationserfahrung;männlich;Master;69;Bevölkerung ab 15 J. in Hauptwohnsitzhaushalten;p
2024;Ohne Migrationshintergrund;weiblich;Promotion;328;Bevölkerung ab 15 J. in Hauptwohnsitzhaushalten;p
2021;Ausländer mit eigener Migrationserfahrung;männlich;Diplom;238;Bevölkerung ab 15 J. in Hauptwohnsitzhaushalten;e
2022;Spätaussiedler;weiblich;Nicht in schulischer oder beruflicher Ausbildung;459;Bevölkerung ab 15 J. in Hauptwohnsitzhaushalten;e
2021;Spätaussiedler;weiblich;Master;22;Bevölkerung ab 15 J. in Hauptwohnsitzhaushalten;e
2024;Spätaussiedler;weiblich;Diplom;156;Bevölkerung ab 15 J. in Hauptwohnsitzhaushalten;p
2021;Deutsche ohne eigene Migrationserfahrung;männlich;Bachelor;79;Bevölkerung ab 15 J. in Hauptwohnsitzhaushalten;e
2021;Spätaussiedler;männlich;Promotion;10;Bevölkerung ab 15 J. in Hauptwohnsitzhaushalten;()
2022;Ausländer ohne eigene Migrationserfahrung;weiblich;In schulischer oder beruflicher Ausbildung;53;Bevölkerung ab 15 J. in Hauptwohnsitzhaushalten;e
2021;Ausländer ohne eigene Migrationserfahrung;männlich;In schulischer oder beruflicher Ausbildung;64;Bevölkerung ab 15 J. in Hauptwohnsitzhaushalten;e
2024;Mit Migrationshintergrund;männlich;Lehre / Berufsausbildung;2689;Bevölkerung ab 15 J. in Hauptwohnsitzhaushalten;p
2023;Ausländer ohne eigene Migrationserfahrung;weiblich;Bachelor;17;Bevölkerung ab 15 J. in Hauptwohnsitzhaushalten;e
2022;Ausländer mit eigener Migrationserfahrung;männlich;Diplom;254;Bevölkerung ab 15 J. in Hauptwohnsitzhaushalten;e
2021;Ausländer mit eigener Migrationserfahrung;weiblich;In schulischer oder beruflicher Ausbildung;235;Bevölkerung ab 15 J. in Hauptwohnsitzhaushalten;e
2020;Mit Migrationshintergrund;männlich;Master;276;Bevölkerung ab 15 J. in Hauptwohnsitzhaushalten;e
2024;Ohne Migrationshintergrund;männlich;Bachelor;884;Bevölkerung ab 15 J. in Hauptwohnsitzhaushalten;p
2022;Deutsche mit eigener Migrationserfahrung;weiblich;In schulischer oder beruflicher Ausbildung;78;Bevölkerung ab 15 J. in Hauptwohnsitzhaushalten;e
2023;Deutsche mit eigener Migrationserfahrung;männlich;Diplom;274;Bevölkerung ab 15 J. in Hauptwohnsitzhaushalten;e
2024;Ohne Migrationshintergrund;weiblich;Nicht in schulischer oder beruflicher Ausbildung;3728;Bevölkerung ab 15 J. in Hauptwohnsitzhaushalten;p
2021;Ohne Migrationshintergrund;weiblich;Promotion;297;Bevölkerung ab 15 J. in Hauptwohnsitzhaushalten;e
2022;Ausländer ohne eigene Migrationserfahrung;männlich;Diplom;23;Bevölkerung ab 15 J. in Hauptwohnsitzhaushalten;e
2021;Ausländer ohne eigene Migrationserfahrung;weiblich;Promotion;0;Bevölkerung ab 15 J. in Hauptwohnsitzhaushalten;
2024;Deutsche ohne eigene Migrationserfahrung;weiblich;Akademische Abschlüsse;398;Bevölkerung ab 15 J. in Hauptwohnsitzhaushalten;p
2021;Deutsche mit eigener Migrationserfahrung;weiblich;Diplom;323;Bevölkerung ab 15 J. in Hauptwohnsitzhaushalten;e
2021;Ausländer mit eigener Migrationserfahrung;weiblich;Akademische Abschlüsse;758;Bevölkerung ab 15 J. in Hauptwohnsitzhaushalten;e
2021;Deutsche ohne eigene Migrationserfahrung;weiblich;Akademische Abschlüsse;303;Bevölkerung ab 15 J. in Hauptwohnsitzhaushalten;e
2021;Ausländer ohne eigene Migrationserfahrung;männlich;Akademische Abschlüsse;52;Bevölkerung ab 15 J. in Hauptwohnsitzhaushalten;e
2022;Deutsche ohne eigene Migrationserfahrung;männlich;Ohne beruflichen Bildungsabschluss;956;Bevölkerung ab 15 J. in Hauptwohnsitzhaushalten;e
2024;Spätaussiedler;männlich;Mit beruflichem Bildungsabschluss;929;Bevölkerung ab 15 J. in Hauptwohnsitzhaushalten;p
2022;Deutsche ohne eigene Migrationserfahrung;weiblich;Diplom;142;Bevölkerung ab 15 J. in Hauptwohnsitzhaushalten;e
2020;Ausländer mit eigener Migrationserfahrung;männlich;Master;175;Bevölkerung ab 15 J. in Hauptwohnsitzhaushalten;e
2024;Ohne Migrationshintergrund;männlich;Nicht in schulischer oder beruflicher Ausbildung;2427;Bevölkerung ab 15 J. in Hauptwohnsitzhaushalten;p
2020;Ausländer ohne eigene Migrationserfahrung;männlich;Nicht in schulischer oder beruflicher Ausbildung;164;Bevölkerung ab 15 J. in Hauptwohnsitzhaushalten;e
2022;Ohne Migrationshintergrund;männlich;Lehre / Berufsausbildung;11898;Bevölkerung ab 15 J. in Hauptwohnsitzhaushalten;e
2021;Deutsche mit eigener Migrationserfahrung;männlich;Master;62;Bevölkerung ab 15 J. in Hauptwohnsitzhaushalten;e
2024;Deutsche mit eigener Migrationserfahrung;weiblich;Fachschulabschluss;332;Bevölkerung ab 15 J. in Hauptwohnsitzhaushalten;p
2024;Spätaussiedler;weiblich;Akademische Abschlüsse;234;Bevölkerung ab 15 J. in Hauptwohnsitzhaushalten;p
2021;Mit Migrationshintergrund;männlich;Diplom;677;Bevölkerung ab 15 J. in Hauptwohnsitzhaushalten;e
2024;Spätaussiedler;männlich;Fachschulabschluss;172;Bevölkerung ab 15 J. in Hauptwohnsitzhaushalten;p
2024;Deutsche ohne eigene Migrationserfahrung;männlich;Mit beruflichem Bildungsabschluss;1180;Bevölkerung ab 15 J. in Hauptwohnsitzhaushalten;p
2022;Spätaussiedler;männlich;Master;20;Bevölkerung ab 15 J. in Hauptwohnsitzhaushalten;e
2021;Spätaussiedler;männlich;Mit beruflichem Bildungsabschluss;917;Bevölkerung ab 15 J. in Hauptwohnsitzhaushalten;e
2024;Ausländer ohne eigene Migrationserfahrung;weiblich;Bachelor;19;Bevölkerung ab 15 J. in Hauptwohnsitzhaushalten;p
2023;Ausländer mit eigener Migrationserfahrung;weiblich;Fachschulabschluss;219;Bevölkerung ab 15 J. in Hauptwohnsitzhaushalten;e
2023;Ohne Migrationshintergrund;weiblich;Akademische Abschlüsse;4876;Bevölkerung ab 15 J. in Hauptwohnsitzhaushalten;e
2022;Ohne Migrationshintergrund;männlich;Master;599;Bevölkerung ab 15 J. in Hauptwohnsitzhaushalten;e
2020;Ausländer ohne eigene Migrationserfahrung;weiblich;Nicht in schulischer oder beruflicher Ausbildung;128;Bevölkerung ab 15 J. in Hauptwohnsitzhaushalten;e
2024;Deutsche mit eigener Migrationserfahrung;weiblich;Mit beruflichem Bildungsabschluss;1885;Bevölkerung ab 15 J. in Hauptwohnsitzhaushalten;p
2021;Ohne Migrationshintergrund;männlich;Akademische Abschlüsse;5697;Bevölkerung ab 15 J. in Hauptwohnsitzhaushalten;e
2021;Spätaussiedler;weiblich;Ohne beruflichen Bildungsabschluss;468;Bevölkerung ab 15 J. in Hauptwohnsitzhaushalten;e
2021;Spätaussiedler;männlich;Fachschulabschluss;145;Bevölkerung ab 15 J. in Hauptwohnsitzhaushalten;e
2022;Spätaussiedler;männlich;Lehre / Berufsausbildung;592;Bevölkerung ab 15 J. in Hauptwohnsitzhaushalten;e
2024;Ausländer ohne eigene Migrationserfahrung;männlich;Akademische Abschlüsse;51;Bevölkerung ab 15 J. in Hauptwohnsitzhaushalten;p
2023;Ausländer mit eigener Migrationserfahrung;weiblich;Mit beruflichem Bildungsabschluss;1905;Bevölkerung ab 15 J. in Hauptwohnsitzhaushalten;e
2023;Ausländer mit eigener Migrationserfahrung;männlich;Akademische Abschlüsse;928;Bevölkerung ab 15 J. in Hauptwohnsitzhaushalten;e
2023;Mit Migrationshintergrund;weiblich;Mit beruflichem Bildungsabschluss;4945;Bevölkerung ab 15 J. in Hauptwohnsitzhaushalten;e
2022;Ausländer mit eigener Migrationserfahrung;männlich;Bachelor;270;Bevölkerung ab 15 J. in Hauptwohnsitzhaushalten;e
2021;Deutsche ohne eigene Migrationserfahrung;weiblich;Ohne beruflichen Bildungsabschluss;864;Bevölkerung ab 15 J. in Hauptwohnsitzhaushalten;e
2024;Ohne Migrationshintergrund;männlich;Promotion;577;Bevölkerung ab 15 J. in Hauptwohnsitzhaushalten;p
2022;Deutsche ohne eigene Migrationserfahrung;männlich;Lehre / Berufsausbildung;553;Bevölkerung ab 15 J. in Hauptwohnsitzhaushalten;e
2024;Ausländer ohne eigene Migrationserfahrung;weiblich;In schulischer oder beruflicher Ausbildung;38;Bevölkerung ab 15 J. in Hauptwohnsitzhaushalten;p
2023;Mit Migrationshintergrund;weiblich;Fachschulabschluss;726;Bevölkerung ab 15 J. in Hauptwohnsitzhaushalten;e
2023;Deutsche mit eigener Migrationserfahrung;männlich;Bachelor;105;Bevölkerung ab 15 J. in Hauptwohnsitzhaushalten;e
2021;Ohne Migrationshintergrund;weiblich;Bachelor;768;Bevölkerung ab 15 J. in Hauptwohnsitzhaushalten;e
2020;Ausländer mit eigener Migrationserfahrung;männlich;Ohne beruflichen Bildungsabschluss;2222;Bevölkerung ab 15 J. in Hauptwohnsitzhaushalten;e
2024;Ohne Migrationshintergrund;weiblich;Master;657;Bevölkerung ab 15 J. in Hauptwohnsitzhaushalten;p
2021;Ausländer ohne eigene Migrationserfahrung;weiblich;Bachelor;13;Bevölkerung ab 15 J. in Hauptwohnsitzhaushalten;e
2021;Deutsche mit eigener Migrationserfahrung;weiblich;Bachelor;98;Bevölkerung ab 15 J. in Hauptwohnsitzhaushalten;e
2024;Deutsche ohne eigene Migrationserfahrung;männlich;Fachschulabschluss;153;Bevölkerung ab 15 J. in Hauptwohnsitzhaushalten;p
2022;Deutsche ohne eigene Migrationserfahrung;männlich;Master;51;Bevölkerung ab 15 J. in Hauptwohnsitzhaushalten;e
2022;Deutsche ohne eigene Migrationserfahrung;männlich;In schulischer oder beruflicher Ausbildung;646;Bevölkerung ab 15 J. in Hauptwohnsitzhaushalten;e
2024;Spätaussiedler;weiblich;Ohne beruflichen Bildungsabschluss;412;Bevölkerung ab 15 J. in Hauptwohnsitzhaushalten;p
2024;Deutsche ohne eigene Migrationserfahrung;weiblich;Ohne beruflichen Bildungsabschluss;983;Bevölkerung ab 15 J. in Hauptwohnsitzhaushalten;p
2020;Ausländer mit eigener Migrationserfahrung;weiblich;Diplom;364;Bevölkerung ab 15 J. in Hauptwohnsitzhaushalten;e
2021;Deutsche mit eigener Migrationserfahrung;männlich;Ohne beruflichen Bildungsabschluss;782;Bevölkerung ab 15 J. in Hauptwohnsitzhaushalten;e
2020;Ausländer ohne eigene Migrationserfahrung;weiblich;In schulischer oder beruflicher Ausbildung;80;Bevölkerung ab 15 J. in Hauptwohnsitzhaushalten;e
2024;Ohne Migrationshintergrund;weiblich;Lehre / Berufsausbildung;12416;Bevölkerung ab 15 J. in Hauptwohnsitzhaushalten;p
2022;Spätaussiedler;weiblich;Diplom;141;Bevölkerung ab 15 J. in Hauptwohnsitzhaushalten;e
2021;Spätaussiedler;weiblich;Akademische Abschlüsse;212;Bevölkerung ab 15 J. in Hauptwohnsitzhaushalten;e
2022;Ohne Migrationshintergrund;weiblich;Diplom;3064;Bevölkerung ab 15 J. in Hauptwohnsitzhaushalten;e
2021;Ohne Migrationshintergrund;männlich;Ohne beruflichen Bildungsabschluss;4576;Bevölkerung ab 15 J. in Hauptwohnsitzhaushalten;e
2024;Ausländer ohne eigene Migrationserfahrung;männlich;Ohne beruflichen Bildungsabschluss;226;Bevölkerung ab 15 J. in Hauptwohnsitzhaushalten;p
2022;Spätaussiedler;männlich;Ohne beruflichen Bildungsabschluss;379;Bevölkerung ab 15 J. in Hauptwohnsitzhaushalten;e
2021;Deutsche ohne eigene Migrationserfahrung;männlich;Mit beruflichem Bildungsabschluss;985;Bevölkerung ab 15 J. in Hauptwohnsitzhaushalten;e
2023;Deutsche mit eigener Migrationserfahrung;weiblich;Master;75;Bevölkerung ab 15 J. in Hauptwohnsitzhaushalten;e
2023;Ausländer ohne eigene Migrationserfahrung;weiblich;Akademische Abschlüsse;43;Bevölkerung ab 15 J. in Hauptwohnsitzhaushalten;e
2024;Ausländer ohne eigene Migrationserfahrung;weiblich;Diplom;17;Bevölkerung ab 15 J. in Hauptwohnsitzhaushalten;p
2024;Deutsche mit eigener Migrationserfahrung;männlich;In schulischer oder beruflicher Ausbildung;87;Bevölkerung ab 15 J. in Hauptwohnsitzhaushalten;p
2021;Spätaussiedler;männlich;In schulischer oder beruflicher Ausbildung;22;Bevölkerung ab 15 J. in Hauptwohnsitzhaushalten;e
2023;Deutsche mit eigener Migrationserfahrung;männlich;Promotion;47;Bevölkerung ab 15 J. in Hauptwohnsitzhaushalten;e
2022;Ohne Migrationshintergrund;männlich;Ohne beruflichen Bildungsabschluss;4619;Bevölkerung ab 15 J. in Hauptwohnsitzhaushalten;e
2020;Mit Migrationshintergrund;männlich;Lehre / Berufsausbildung;2706;Bevölkerung ab 15 J. in Hauptwohnsitzhaushalten;e
2022;Ausländer mit eigener Migrationserfahrung;weiblich;Lehre / Berufsausbildung;600;Bevölkerung ab 15 J. in Hauptwohnsitzhaushalten;e
2023;Deutsche mit eigener Migrationserfahrung;weiblich;Lehre / Berufsausbildung;927;Bevölkerung ab 15 J. in Hauptwohnsitzhaushalten;e
2021;Ohne Migrationshintergrund;weiblich;In schulischer oder beruflicher Ausbildung;1812;Bevölkerung ab 15 J. in Hauptwohnsitzhaushalten;e
2021;Deutsche ohne eigene Migrationserfahrung;männlich;Fachschulabschluss;117;Bevölkerung ab 15 J. in Hauptwohnsitzhaushalten;e
2020;Mit Migrationshintergrund;weiblich;In schulischer oder beruflicher Ausbildung;990;Bevölkerung ab 15 J. in Hauptwohnsitzhaushalten;e
2023;Deutsche ohne eigene Migrationserfahrung;männlich;Nicht in schulischer oder beruflicher Ausbildung;337;Bevölkerung ab 15 J. in Hauptwohnsitzhaushalten;e
2020;Ausländer mit eigener Migrationserfahrung;männlich;Akademische Abschlüsse;794;Bevölkerung ab 15 J. in Hauptwohnsitzhaushalten;e
2022;Ausländer mit eigener Migrationserfahrung;männlich;Promotion;60;Bevölkerung ab 15 J. in Hauptwohnsitzhaushalten;e
2020;Deutsche ohne eigene Migrationserfahrung;weiblich;Nicht in schulischer oder beruflicher Ausbildung;265;Bevölkerung ab 15 J. in Hauptwohnsitzhaushalten;e
2022;Mit Migrationshintergrund;männlich;Master;321;Bevölkerung ab 15 J. in Hauptwohnsitzhaushalten;e
2022;Ausländer mit eigener Migrationserfahrung;weiblich;Master;201;Bevölkerung ab 15 J. in Hauptwohnsitzhaushalten;e
2024;Deutsche ohne eigene Migrationserfahrung;männlich;Nicht in schulischer oder beruflicher Ausbildung;375;Bevölkerung ab 15 J. in Hauptwohnsitzhaushalten;p
2022;Deutsche mit eigener Migrationserfahrung;weiblich;Ohne beruflichen Bildungsabschluss;993;Bevölkerung ab 15 J. in Hauptwohnsitzhaushalten;e
2024;Deutsche mit eigener Migrationserfahrung;weiblich;In schulischer oder beruflicher Ausbildung;79;Bevölkerung ab 15 J. in Hauptwohnsitzhaushalten;p
2021;Deutsche mit eigener Migrationserfahrung;weiblich;Promotion;30;Bevölkerung ab 15 J. in Hauptwohnsitzhaushalten;e
2020;Spätaussiedler;männlich;Diplom;116;Bevölkerung ab 15 J. in Hauptwohnsitzhaushalten;e
2021;Ohne Migrationshintergrund;weiblich;Diplom;3138;Bevölkerung ab 15 J. in Hauptwohnsitzhaushalten;e
2022;Ausländer ohne eigene Migrationserfahrung;männlich;Promotion;0;Bevölkerung ab 15 J. in Hauptwohnsitzhaushalten;
2020;Mit Migrationshintergrund;männlich;Akademische Abschlüsse;1597;Bevölkerung ab 15 J. in Hauptwohnsitzhaushalten;e
2023;Spätaussiedler;männlich;Diplom;117;Bevölkerung ab 15 J. in Hauptwohnsitzhaushalten;e
2023;Deutsche ohne eigene Migrationserfahrung;weiblich;Nicht in schulischer oder beruflicher Ausbildung;295;Bevölkerung ab 15 J. in Hauptwohnsitzhaushalten;e
2022;Deutsche ohne eigene Migrationserfahrung;weiblich;Promotion;19;Bevölkerung ab 15 J. in Hauptwohnsitzhaushalten;e
2020;Mit Migrationshintergrund;weiblich;Bachelor;409;Bevölkerung ab 15 J. in Hauptwohnsitzhaushalten;e
2024;Deutsche ohne eigene Migrationserfahrung;weiblich;Nicht in schulischer oder beruflicher Ausbildung;342;Bevölkerung ab 15 J. in Hauptwohnsitzhaushalten;p
2022;Spätaussiedler;männlich;Akademische Abschlüsse;171;Bevölkerung ab 15 J. in Hauptwohnsitzhaushalten;e
2020;Ausländer mit eigener Migrationserfahrung;weiblich;Bachelor;232;Bevölkerung ab 15 J. in Hauptwohnsitzhaushalten;e
2020;Deutsche mit eigener Migrationserfahrung;weiblich;Promotion;27;Bevölkerung ab 15 J. in Hauptwohnsitzhaushalten;e
2023;Ausländer mit eigener Migrationserfahrung;weiblich;In schulischer oder beruflicher Ausbildung;334;Bevölkerung ab 15 J. in Hauptwohnsitzhaushalten;e
2021;Ausländer ohne eigene Migrationserfahrung;weiblich;Mit beruflichem Bildungsabschluss;226;Bevölkerung ab 15 J. in Hauptwohnsitzhaushalten;e
2022;Ausländer ohne eigene Migrationserfahrung;weiblich;Master;0;Bevölkerung ab 15 J. in Hauptwohnsitzhaushalten;
2022;Spätaussiedler;weiblich;Bachelor;42;Bevölkerung ab 15 J. in Hauptwohnsitzhaushalten;e
2021;Mit Migrationshintergrund;männlich;Promotion;125;Bevölkerung ab 15 J. in Hauptwohnsitzhaushalten;e
2022;Deutsche ohne eigene Migrationserfahrung;männlich;Akademische Abschlüsse;310;Bevölkerung ab 15 J. in Hauptwohnsitzhaushalten;e
2021;Ausländer mit eigener Migrationserfahrung;weiblich;Ohne beruflichen Bildungsabschluss;2037;Bevölkerung ab 15 J. in Hauptwohnsitzhaushalten;e
2023;Deutsche ohne eigene Migrationserfahrung;männlich;Diplom;146;Bevölkerung ab 15 J. in Hauptwohnsitzhaushalten;e
2024;Deutsche mit eigener Migrationserfahrung;weiblich;Bachelor;138;Bevölkerung ab 15 J. in Hauptwohnsitzhaushalten;p
2021;Ohne Migrationshintergrund;männlich;Master;545;Bevölkerung ab 15 J. in Hauptwohnsitzhaushalten;e
2020;Ausländer ohne eigene Migrationserfahrung;männlich;Lehre / Berufsausbildung;232;Bevölkerung ab 15 J. in Hauptwohnsitzhaushalten;e
2021;Mit Migrationshintergrund;weiblich;Master;305;Bevölkerung ab 15 J. in Hauptwohnsitzhaushalten;e
2022;Deutsche mit eigener Migrationserfahrung;männlich;Mit beruflichem Bildungsabschluss;1611;Bevölkerung ab 15 J. in Hauptwohnsitzhaushalten;e
2024;Mit Migrationshintergrund;männlich;Fachschulabschluss;698;Bevölkerung ab 15 J. in Hauptwohnsitzhaushalten;p
2020;Deutsche mit eigener Migrationserfahrung;männlich;Nicht in schulischer oder beruflicher Ausbildung;598;Bevölkerung ab 15 J. in Hauptwohnsitzhaushalten;e
2020;Deutsche ohne eigene Migrationserfahrung;männlich;Bachelor;77;Bevölkerung ab 15 J. in Hauptwohnsitzhaushalten;e
2020;Deutsche mit eigener Migrationserfahrung;männlich;Akademische Abschlüsse;430;Bevölkerung ab 15 J. in Hauptwohnsitzhaushalten;e
2023;Deutsche mit eigener Migrationserfahrung;weiblich;Ohne beruflichen Bildungsabschluss;982;Bevölkerung ab 15 J. in Hauptwohnsitzhaushalten;e
2024;Deutsche ohne eigene Migrationserfahrung;weiblich;In schulischer oder beruflicher Ausbildung;641;Bevölkerung ab 15 J. in Hauptwohnsitzhaushalten;p
2024;Ausländer ohne eigene Migrationserfahrung;weiblich;Fachschulabschluss;45;Bevölkerung ab 15 J. in Hauptwohnsitzhaushalten;p
2024;Mit Migrationshintergrund;weiblich;Ohne beruflichen Bildungsabschluss;4612;Bevölkerung ab 15 J. in Hauptwohnsitzhaushalten;p
2023;Deutsche mit eigener Migrationserfahrung;männlich;Fachschulabschluss;234;Bevölkerung ab 15 J. in Hauptwohnsitzhaushalten;e
2022;Ohne Migrationshintergrund;männlich;Nicht in schulischer oder beruflicher Ausbildung;2803;Bevölkerung ab 15 J. in Hauptwohnsitzhaushalten;e
2021;Deutsche mit eigener Migrationserfahrung;männlich;Akademische Abschlüsse;451;Bevölkerung ab 15 J. in Hauptwohnsitzhaushalten;e
2023;Ausländer mit eigener Migrationserfahrung;weiblich;Bachelor;336;Bevölkerung ab 15 J. in Hauptwohnsitzhaushalten;e
2021;Mit Migrationshintergrund;weiblich;Lehre / Berufsausbildung;2180;Bevölkerung ab 15 J. in Hauptwohnsitzhaushalten;e
2020;Ausländer ohne eigene Migrationserfahrung;männlich;In schulischer oder beruflicher Ausbildung;82;Bevölkerung ab 15 J. in Hauptwohnsitzhaushalten;e
2022;Deutsche mit eigener Migrationserfahrung;männlich;Fachschulabschluss;229;Bevölkerung ab 15 J. in Hauptwohnsitzhaushalten;e
2024;Mit Migrationshintergrund;männlich;Mit beruflichem Bildungsabschluss;5309;Bevölkerung ab 15 J. in Hauptwohnsitzhaushalten;p
2021;Ohne Migrationshintergrund;männlich;In schulischer oder beruflicher Ausbildung;1860;Bevölkerung ab 15 J. in Hauptwohnsitzhaushalten;e
2021;Ausländer mit eigener Migrationserfahrung;männlich;Fachschulabschluss;192;Bevölkerung ab 15 J. in Hauptwohnsitzhaushalten;e
2022;Mit Migrationshintergrund;männlich;Lehre / Berufsausbildung;2478;Bevölkerung ab 15 J. in Hauptwohnsitzhaushalten;e
2020;Ohne Migrationshintergrund;männlich;Bachelor;707;Bevölkerung ab 15 J. in Hauptwohnsitzhaushalten;e
2024;Deutsche mit eigener Migrationserfahrung;männlich;Akademische Abschlüsse;526;Bevölkerung ab 15 J. in Hauptwohnsitzhaushalten;p
2022;Ausländer ohne eigene Migrationserfahrung;männlich;In schulischer oder beruflicher Ausbildung;66;Bevölkerung ab 15 J. in Hauptwohnsitzhaushalten;e
2022;Ohne Migrationshintergrund;weiblich;Nicht in schulischer oder beruflicher Ausbildung;4360;Bevölkerung ab 15 J. in Hauptwohnsitzhaushalten;e
2024;Ausländer ohne eigene Migrationserfahrung;weiblich;Mit beruflichem Bildungsabschluss;241;Bevölkerung ab 15 J. in Hauptwohnsitzhaushalten;p
2022;Ausländer mit eigener Migrationserfahrung;männlich;Fachschulabschluss;216;Bevölkerung ab 15 J. in Hauptwohnsitzhaushalten;e
2020;Deutsche ohne eigene Migrationserfahrung;männlich;In schulischer oder beruflicher Ausbildung;600;Bevölkerung ab 15 J. in Hauptwohnsitzhaushalten;e
2023;Deutsche mit eigener Migrationserfahrung;männlich;Mit beruflichem Bildungsabschluss;1636;Bevölkerung ab 15 J. in Hauptwohnsitzhaushalten;e
2024;Ohne Migrationshintergrund;männlich;Diplom;3670;Bevölkerung ab 15 J. in Hauptwohnsitzhaushalten;p
2023;Ohne Migrationshintergrund;weiblich;In schulischer oder beruflicher Ausbildung;1720;Bevölkerung ab 15 J. in Hauptwohnsitzhaushalten;e
2020;Mit Migrationshintergrund;männlich;Ohne beruflichen Bildungsabschluss;4028;Bevölkerung ab 15 J. in Hauptwohnsitzhaushalten;e
2020;Deutsche mit eigener Migrationserfahrung;weiblich;Nicht in schulischer oder beruflicher Ausbildung;743;Bevölkerung ab 15 J. in Hauptwohnsitzhaushalten;e
2020;Deutsche mit eigener Migrationserfahrung;weiblich;Mit beruflichem Bildungsabschluss;1666;Bevölkerung ab 15 J. in Hauptwohnsitzhaushalten;e
2021;Ausländer mit eigener Migrationserfahrung;männlich;Mit beruflichem Bildungsabschluss;1684;Bevölkerung ab 15 J. in Hauptwohnsitzhaushalten;e
2024;Ausländer ohne eigene Migrationserfahrung;männlich;Nicht in schulischer oder beruflicher Ausbildung;178;Bevölkerung ab 15 J. in Hauptwohnsitzhaushalten;p
2022;Ausländer mit eigener Migrationserfahrung;weiblich;Ohne beruflichen Bildungsabschluss;2362;Bevölkerung ab 15 J. in Hauptwohnsitzhaushalten;e
2022;Ausländer mit eigener Migrationserfahrung;männlich;Nicht in schulischer oder beruflicher Ausbildung;2131;Bevölkerung ab 15 J. in Hauptwohnsitzhaushalten;e
2022;Ausländer mit eigener Migrationserfahrung;männlich;Mit beruflichem Bildungsabschluss;1806;Bevölkerung ab 15 J. in Hauptwohnsitzhaushalten;e
2021;Ausländer ohne eigene Migrationserfahrung;weiblich;Fachschulabschluss;34;Bevölkerung ab 15 J. in Hauptwohnsitzhaushalten;e
2022;Ausländer ohne eigene Migrationserfahrung;weiblich;Lehre / Berufsausbildung;154;Bevölkerung ab 15 J. in Hauptwohnsitzhaushalten;e
2020;Spätaussiedler;männlich;Bachelor;26;Bevölkerung ab 15 J. in Hauptwohnsitzhaushalten;e
2022;Ausländer ohne eigene Migrationserfahrung;männlich;Bachelor;16;Bevölkerung ab 15 J. in Hauptwohnsitzhaushalten;e
2021;Deutsche mit eigener Migrationserfahrung;weiblich;Fachschulabschluss;264;Bevölkerung ab 15 J. in Hauptwohnsitzhaushalten;e
2023;Spätaussiedler;männlich;Bachelor;34;Bevölkerung ab 15 J. in Hauptwohnsitzhaushalten;e
2021;Ohne Migrationshintergrund;männlich;Lehre / Berufsausbildung;12042;Bevölkerung ab 15 J. in Hauptwohnsitzhaushalten;e
2024;Ausländer mit eigener Migrationserfahrung;weiblich;Akademische Abschlüsse;1111;Bevölkerung ab 15 J. in Hauptwohnsitzhaushalten;p
2024;Ausländer ohne eigene Migrationserfahrung;weiblich;Nicht in schulischer oder beruflicher Ausbildung;132;Bevölkerung ab 15 J. in Hauptwohnsitzhaushalten;p
2020;Deutsche mit eigener Migrationserfahrung;weiblich;Fachschulabschluss;250;Bevölkerung ab 15 J. in Hauptwohnsitzhaushalten;e
2022;Deutsche ohne eigene Migrationserfahrung;weiblich;Bachelor;97;Bevölkerung ab 15 J. in Hauptwohnsitzhaushalten;e
2022;Deutsche mit eigener Migrationserfahrung;weiblich;Akademische Abschlüsse;534;Bevölkerung ab 15 J. in Hauptwohnsitzhaushalten;e
2022;Deutsche mit eigener Migrationserfahrung;männlich;In schulischer oder beruflicher Ausbildung;78;Bevölkerung ab 15 J. in Hauptwohnsitzhaushalten;e
2020;Mit Migrationshintergrund;weiblich;Diplom;864;Bevölkerung ab 15 J. in Hauptwohnsitzhaushalten;e
2021;Mit Migrationshintergrund;männlich;In schulischer oder beruflicher Ausbildung;1048;Bevölkerung ab 15 J. in Hauptwohnsitzhaushalten;e
2020;Ausländer mit eigener Migrationserfahrung;weiblich;Promotion;45;Bevölkerung ab 15 J. in Hauptwohnsitzhaushalten;e
2021;Mit Migrationshintergrund;männlich;Bachelor;421;Bevölkerung ab 15 J. in Hauptwohnsitzhaushalten;e
2020;Deutsche ohne eigene Migrationserfahrung;männlich;Diplom;168;Bevölkerung ab 15 J. in Hauptwohnsitzhaushalten;e
2022;Spätaussiedler;weiblich;Promotion;8;Bevölkerung ab 15 J. in Hauptwohnsitzhaushalten;()
2024;Deutsche mit eigener Migrationserfahrung;weiblich;Promotion;35;Bevölkerung ab 15 J. in Hauptwohnsitzhaushalten;p
2024;Ausländer ohne eigene Migrationserfahrung;weiblich;Promotion;0;Bevölkerung ab 15 J. in Hauptwohnsitzhaushalten;
2020;Deutsche ohne eigene Migrationserfahrung;männlich;Nicht in schulischer oder beruflicher Ausbildung;275;Bevölkerung ab 15 J. in Hauptwohnsitzhaushalten;e
2023;Ausländer mit eigener Migrationserfahrung;weiblich;Promotion;53;Bevölkerung ab 15 J. in Hauptwohnsitzhaushalten;e
2020;Spätaussiedler;weiblich;In schulischer oder beruflicher Ausbildung;24;Bevölkerung ab 15 J. in Hauptwohnsitzhaushalten;e
2024;Mit Migrationshintergrund;weiblich;Akademische Abschlüsse;2164;Bevölkerung ab 15 J. in Hauptwohnsitzhaushalten;p
2020;Ohne Migrationshintergrund;männlich;Diplom;3934;Bevölkerung ab 15 J. in Hauptwohnsitzhaushalten;e
2021;Deutsche mit eigener Migrationserfahrung;männlich;In schulischer oder beruflicher Ausbildung;69;Bevölkerung ab 15 J. in Hauptwohnsitzhaushalten;e
2020;Spätaussiedler;weiblich;Bachelor;30;Bevölkerung ab 15 J. in Hauptwohnsitzhaushalten;e
2024;Ausländer mit eigener Migrationserfahrung;männlich;Mit beruflichem Bildungsabschluss;2133;Bevölkerung ab 15 J. in Hauptwohnsitzhaushalten;p
2020;Ausländer mit eigener Migrationserfahrung;männlich;In schulischer oder beruflicher Ausbildung;374;Bevölkerung ab 15 J. in Hauptwohnsitzhaushalten;e
2020;Mit Migrationshintergrund;männlich;Nicht in schulischer oder beruflicher Ausbildung;2885;Bevölkerung ab 15 J. in Hauptwohnsitzhaushalten;e
2023;Ohne Migrationshintergrund;männlich;Lehre / Berufsausbildung;11628;Bevölkerung ab 15 J. in Hauptwohnsitzhaushalten;e
2021;Ausländer mit eigener Migrationserfahrung;männlich;Lehre / Berufsausbildung;783;Bevölkerung ab 15 J. in Hauptwohnsitzhaushalten;e
2022;Mit Migrationshintergrund;weiblich;Nicht in schulischer oder beruflicher Ausbildung;3390;Bevölkerung ab 15 J. in Hauptwohnsitzhaushalten;e
2020;Ausländer mit eigener Migrationserfahrung;weiblich;Mit beruflichem Bildungsabschluss;1665;Bevölkerung ab 15 J. in Hauptwohnsitzhaushalten;e
2020;Deutsche mit eigener Migrationserfahrung;weiblich;Lehre / Berufsausbildung;927;Bevölkerung ab 15 J. in Hauptwohnsitzhaushalten;e
2023;Ausländer ohne eigene Migrationserfahrung;weiblich;Lehre / Berufsausbildung;146;Bevölkerung ab 15 J. in Hauptwohnsitzhaushalten;e
2021;Mit Migrationshintergrund;männlich;Nicht in schulischer oder beruflicher Ausbildung;3103;Bevölkerung ab 15 J. in Hauptwohnsitzhaushalten;e
2024;Deutsche ohne eigene Migrationserfahrung;männlich;Diplom;160;Bevölkerung ab 15 J. in Hauptwohnsitzhaushalten;p
2024;Ausländer mit eigener Migrationserfahrung;männlich;Fachschulabschluss;248;Bevölkerung ab 15 J. in Hauptwohnsitzhaushalten;p
2021;Mit Migrationshintergrund;männlich;Mit beruflichem Bildungsabschluss;4559;Bevölkerung ab 15 J. in Hauptwohnsitzhaushalten;e
2022;Ohne Migrationshintergrund;weiblich;Akademische Abschlüsse;4758;Bevölkerung ab 15 J. in Hauptwohnsitzhaushalten;e
2022;Ausländer mit eigener Migrationserfahrung;weiblich;Fachschulabschluss;207;Bevölkerung ab 15 J. in Hauptwohnsitzhaushalten;e
2024;Deutsche mit eigener Migrationserfahrung;männlich;Diplom;280;Bevölkerung ab 15 J. in Hauptwohnsitzhaushalten;p
2023;Spätaussiedler;männlich;Promotion;12;Bevölkerung ab 15 J. in Hauptwohnsitzhaushalten;e
2020;Ausländer ohne eigene Migrationserfahrung;männlich;Ohne beruflichen Bildungsabschluss;246;Bevölkerung ab 15 J. in Hauptwohnsitzhaushalten;e
2024;Ausländer mit eigener Migrationserfahrung;weiblich;Ohne beruflichen Bildungsabschluss;2518;Bevölkerung ab 15 J. in Hauptwohnsitzhaushalten;p
2021;Ausländer mit eigener Migrationserfahrung;männlich;Master;173;Bevölkerung ab 15 J. in Hauptwohnsitzhaushalten;e
2023;Ausländer ohne eigene Migrationserfahrung;männlich;Promotion;0;Bevölkerung ab 15 J. in Hauptwohnsitzhaushalten;
2023;Deutsche mit eigener Migrationserfahrung;weiblich;Akademische Abschlüsse;562;Bevölkerung ab 15 J. in Hauptwohnsitzhaushalten;e
2023;Mit Migrationshintergrund;weiblich;Nicht in schulischer oder beruflicher Ausbildung;3485;Bevölkerung ab 15 J. in Hauptwohnsitzhaushalten;e
2020;Ausländer mit eigener Migrationserfahrung;weiblich;Fachschulabschluss;183;Bevölkerung ab 15 J. in Hauptwohnsitzhaushalten;e
2023;Ausländer ohne eigene Migrationserfahrung;weiblich;Master;0;Bevölkerung ab 15 J. in Hauptwohnsitzhaushalten;
2022;Ausländer mit eigener Migrationserfahrung;weiblich;Mit beruflichem Bildungsabschluss;1671;Bevölkerung ab 15 J. in Hauptwohnsitzhaushalten;e
2022;Mit Migrationshintergrund;weiblich;Master;337;Bevölkerung ab 15 J. in Hauptwohnsitzhaushalten;e
2020;Ohne Migrationshintergrund;männlich;Nicht in schulischer oder beruflicher Ausbildung;2432;Bevölkerung ab 15 J. in Hauptwohnsitzhaushalten;e
2024;Ausländer mit eigener Migrationserfahrung;weiblich;Nicht in schulischer oder beruflicher Ausbildung;2161;Bevölkerung ab 15 J. in Hauptwohnsitzhaushalten;p
2023;Deutsche ohne eigene Migrationserfahrung;männlich;Promotion;25;Bevölkerung ab 15 J. in Hauptwohnsitzhaushalten;e
2024;Mit Migrationshintergrund;weiblich;Nicht in schulischer oder beruflicher Ausbildung;3497;Bevölkerung ab 15 J. in Hauptwohnsitzhaushalten;p
2021;Deutsche ohne eigene Migrationserfahrung;männlich;Lehre / Berufsausbildung;555;Bevölkerung ab 15 J. in Hauptwohnsitzhaushalten;e
2022;Deutsche mit eigener Migrationserfahrung;männlich;Bachelor;93;Bevölkerung ab 15 J. in Hauptwohnsitzhaushalten;e
2023;Spätaussiedler;weiblich;Ohne beruflichen Bildungsabschluss;451;Bevölkerung ab 15 J. in Hauptwohnsitzhaushalten;e
2020;Ausländer ohne eigene Migrationserfahrung;weiblich;Diplom;19;Bevölkerung ab 15 J. in Hauptwohnsitzhaushalten;()
2024;Mit Migrationshintergrund;männlich;Bachelor;601;Bevölkerung ab 15 J. in Hauptwohnsitzhaushalten;p
2023;Deutsche ohne eigene Migrationserfahrung;weiblich;Master;61;Bevölkerung ab 15 J. in Hauptwohnsitzhaushalten;e
2022;Mit Migrationshintergrund;männlich;Promotion;133;Bevölkerung ab 15 J. in Hauptwohnsitzhaushalten;e
2023;Mit Migrationshintergrund;männlich;Bachelor;542;Bevölkerung ab 15 J. in Hauptwohnsitzhaushalten;e
2023;Ausländer ohne eigene Migrationserfahrung;männlich;Nicht in schulischer oder beruflicher Ausbildung;187;Bevölkerung ab 15 J. in Hauptwohnsitzhaushalten;e
2022;Ausländer ohne eigene Migrationserfahrung;weiblich;Akademische Abschlüsse;36;Bevölkerung ab 15 J. in Hauptwohnsitzhaushalten;e
2020;Deutsche ohne eigene Migrationserfahrung;weiblich;Bachelor;81;Bevölkerung ab 15 J. in Hauptwohnsitzhaushalten;e
2022;Spätaussiedler;weiblich;Akademische Abschlüsse;214;Bevölkerung ab 15 J. in Hauptwohnsitzhaushalten;e
2020;Deutsche mit eigener Migrationserfahrung;männlich;Bachelor;68;Bevölkerung ab 15 J. in Hauptwohnsitzhaushalten;e
2020;Deutsche ohne eigene Migrationserfahrung;männlich;Akademische Abschlüsse;319;Bevölkerung ab 15 J. in Hauptwohnsitzhaushalten;e
2020;Ohne Migrationshintergrund;männlich;Fachschulabschluss;2833;Bevölkerung ab 15 J. in Hauptwohnsitzhaushalten;e
2021;Ausländer ohne eigene Migrationserfahrung;männlich;Nicht in schulischer oder beruflicher Ausbildung;178;Bevölkerung ab 15 J. in Hauptwohnsitzhaushalten;e
2021;Spätaussiedler;weiblich;In schulischer oder beruflicher Ausbildung;21;Bevölkerung ab 15 J. in Hauptwohnsitzhaushalten;e
2023;Ohne Migrationshintergrund;männlich;Master;652;Bevölkerung ab 15 J. in Hauptwohnsitzhaushalten;e
2020;Ohne Migrationshintergrund;weiblich;Ohne beruflichen Bildungsabschluss;6019;Bevölkerung ab 15 J. in Hauptwohnsitzhaushalten;e
2020;Spätaussiedler;weiblich;Promotion;0;Bevölkerung ab 15 J. in Hauptwohnsitzhaushalten;
2023;Spätaussiedler;männlich;Mit beruflichem Bildungsabschluss;909;Bevölkerung ab 15 J. in Hauptwohnsitzhaushalten;e
2021;Spätaussiedler;männlich;Master;21;Bevölkerung ab 15 J. in Hauptwohnsitzhaushalten;e
2022;Ausländer ohne eigene Migrationserfahrung;männlich;Mit beruflichem Bildungsabschluss;275;Bevölkerung ab 15 J. in Hauptwohnsitzhaushalten;e
2021;Ausländer mit eigener Migrationserfahrung;weiblich;Diplom;304;Bevölkerung ab 15 J. in Hauptwohnsitzhaushalten;e
2022;Deutsche ohne eigene Migrationserfahrung;weiblich;Akademische Abschlüsse;312;Bevölkerung ab 15 J. in Hauptwohnsitzhaushalten;e
2021;Ausländer mit eigener Migrationserfahrung;männlich;In schulischer oder beruflicher Ausbildung;303;Bevölkerung ab 15 J. in Hauptwohnsitzhaushalten;e
2020;Deutsche ohne eigene Migrationserfahrung;männlich;Ohne beruflichen Bildungsabschluss;876;Bevölkerung ab 15 J. in Hauptwohnsitzhaushalten;e
2020;Ausländer mit eigener Migrationserfahrung;männlich;Nicht in schulischer oder beruflicher Ausbildung;1848;Bevölkerung ab 15 J. in Hauptwohnsitzhaushalten;e
2020;Ohne Migrationshintergrund;weiblich;Lehre / Berufsausbildung;13666;Bevölkerung ab 15 J. in Hauptwohnsitzhaushalten;e
2022;Deutsche mit eigener Migrationserfahrung;weiblich;Master;76;Bevölkerung ab 15 J. in Hauptwohnsitzhaushalten;e
2022;Deutsche mit eigener Migrationserfahrung;männlich;Nicht in schulischer oder beruflicher Ausbildung;776;Bevölkerung ab 15 J. in Hauptwohnsitzhaushalten;e
2023;Spätaussiedler;männlich;Fachschulabschluss;151;Bevölkerung ab 15 J. in Hauptwohnsitzhaushalten;e
2021;Spätaussiedler;männlich;Lehre / Berufsausbildung;595;Bevölkerung ab 15 J. in Hauptwohnsitzhaushalten;e
2022;Mit Migrationshintergrund;weiblich;Lehre / Berufsausbildung;2213;Bevölkerung ab 15 J. in Hauptwohnsitzhaushalten;e
2022;Ausländer ohne eigene Migrationserfahrung;männlich;Fachschulabschluss;35;Bevölkerung ab 15 J. in Hauptwohnsitzhaushalten;e
2024;Deutsche mit eigener Migrationserfahrung;männlich;Bachelor;115;Bevölkerung ab 15 J. in Hauptwohnsitzhaushalten;p
2024;Ausländer mit eigener Migrationserfahrung;männlich;Promotion;62;Bevölkerung ab 15 J. in Hauptwohnsitzhaushalten;p
2020;Ausländer ohne eigene Migrationserfahrung;männlich;Master;0;Bevölkerung ab 15 J. in Hauptwohnsitzhaushalten;
2024;Ausländer mit eigener Migrationserfahrung;weiblich;Master;275;Bevölkerung ab 15 J. in Hauptwohnsitzhaushalten;p
2023;Spätaussiedler;weiblich;Lehre / Berufsausbildung;572;Bevölkerung ab 15 J. in Hauptwohnsitzhaushalten;e
2023;Ausländer ohne eigene Migrationserfahrung;männlich;Bachelor;21;Bevölkerung ab 15 J. in Hauptwohnsitzhaushalten;e
2021;Ausländer mit eigener Migrationserfahrung;männlich;Ohne beruflichen Bildungsabschluss;2224;Bevölkerung ab 15 J. in Hauptwohnsitzhaushalten;e
2023;Deutsche mit eigener Migrationserfahrung;männlich;Nicht in schulischer oder beruflicher Ausbildung;773;Bevölkerung ab 15 J. in Hauptwohnsitzhaushalten;e
2023;Deutsche ohne eigene Migrationserfahrung;weiblich;Lehre / Berufsausbildung;514;Bevölkerung ab 15 J. in Hauptwohnsitzhaushalten;e
2024;Mit Migrationshintergrund;weiblich;Lehre / Berufsausbildung;2419;Bevölkerung ab 15 J. in Hauptwohnsitzhaushalten;p
2022;Ausländer ohne eigene Migrationserfahrung;weiblich;Ohne beruflichen Bildungsabschluss;185;Bevölkerung ab 15 J. in Hauptwohnsitzhaushalten;e
2021;Mit Migrationshintergrund;männlich;Fachschulabschluss;568;Bevölkerung ab 15 J. in Hauptwohnsitzhaushalten;e
2023;Deutsche ohne eigene Migrationserfahrung;männlich;Bachelor;96;Bevölkerung ab 15 J. in Hauptwohnsitzhaushalten;e
2024;Spätaussiedler;männlich;Diplom;117;Bevölkerung ab 15 J. in Hauptwohnsitzhaushalten;p
2020;Mit Migrationshintergrund;weiblich;Akademische Abschlüsse;1635;Bevölkerung ab 15 J. in Hauptwohnsitzhaushalten;e
2021;Mit Migrationshintergrund;weiblich;Ohne beruflichen Bildungsabschluss;4057;Bevölkerung ab 15 J. in Hauptwohnsitzhaushalten;e
2022;Deutsche mit eigener Migrationserfahrung;männlich;Promotion;44;Bevölkerung ab 15 J. in Hauptwohnsitzhaushalten;e
2022;Mit Migrationshintergrund;männlich;Bachelor;466;Bevölkerung ab 15 J. in Hauptwohnsitzhaushalten;e
2024;Ausländer mit eigener Migrationserfahrung;weiblich;Lehre / Berufsausbildung;694;Bevölkerung ab 15 J. in Hauptwohnsitzhaushalten;p
2023;Spätaussiedler;weiblich;Master;20;Bevölkerung ab 15 J. in Hauptwohnsitzhaushalten;e
2023;Spätaussiedler;weiblich;Nicht in schulischer oder beruflicher Ausbildung;433;Bevölkerung ab 15 J. in Hauptwohnsitzhaushalten;e
2024;Mit Migrationshintergrund;männlich;Promotion;142;Bevölkerung ab 15 J. in Hauptwohnsitzhaushalten;p
2024;Mit Migrationshintergrund;weiblich;Master;444;Bevölkerung ab 15 J. in Hauptwohnsitzhaushalten;p
2023;Mit Migrationshintergrund;männlich;Diplom;740;Bevölkerung ab 15 J. in Hauptwohnsitzhaushalten;e
2023;Ausländer mit eigener Migrationserfahrung;weiblich;Diplom;403;Bevölkerung ab 15 J. in Hauptwohnsitzhaushalten;e
2023;Ausländer mit eigener Migrationserfahrung;männlich;Nicht in schulischer oder beruflicher Ausbildung;2279;Bevölkerung ab 15 J. in Hauptwohnsitzhaushalten;e
2024;Mit Migrationshintergrund;weiblich;In schulischer oder beruflicher Ausbildung;1115;Bevölkerung ab 15 J. in Hauptwohnsitzhaushalten;p
2024;Deutsche mit eigener Migrationserfahrung;weiblich;Lehre / Berufsausbildung;939;Bevölkerung ab 15 J. in Hauptwohnsitzhaushalten;p
2020;Deutsche ohne eigene Migrationserfahrung;weiblich;Diplom;162;Bevölkerung ab 15 J. in Hauptwohnsitzhaushalten;e
2020;Ohne Migrationshintergrund;männlich;Promotion;592;Bevölkerung ab 15 J. in Hauptwohnsitzhaushalten;e
2022;Mit Migrationshintergrund;männlich;In schulischer oder beruflicher Ausbildung;1131;Bevölkerung ab 15 J. in Hauptwohnsitzhaushalten;e
2020;Deutsche mit eigener Migrationserfahrung;männlich;Promotion;42;Bevölkerung ab 15 J. in Hauptwohnsitzhaushalten;e
2023;Ohne Migrationshintergrund;männlich;Ohne beruflichen Bildungsabschluss;4448;Bevölkerung ab 15 J. in Hauptwohnsitzhaushalten;e
2021;Spätaussiedler;weiblich;Nicht in schulischer oder beruflicher Ausbildung;448;Bevölkerung ab 15 J. in Hauptwohnsitzhaushalten;e
2022;Deutsche mit eigener Migrationserfahrung;weiblich;Lehre / Berufsausbildung;943;Bevölkerung ab 15 J. in Hauptwohnsitzhaushalten;e
2020;Ohne Migrationshintergrund;weiblich;Master;453;Bevölkerung ab 15 J. in Hauptwohnsitzhaushalten;e
2020;Spätaussiedler;männlich;Akademische Abschlüsse;1768000;Bevölkerung ab 15 J. in Hauptwohnsitzhaushalten;e
2023;Ohne Migrationshintergrund;weiblich;Diplom;;Bevölkerung ab 15 J. in Hauptwohnsitzhaushalten;e
2020;Deutsche mit eigener Migrationserfahrung;weiblich;Master;;Bevölkerung ab 15 J. in Hauptwohnsitzhaushalten;e
2021;Ohne Migrationshintergrund;männlich;Nicht in schulischer oder beruflicher Ausbildung;;Bevölkerung ab 15 J. in Hauptwohnsitzhaushalten;e
2020;Spätaussiedler;weiblich;Fachschulabschluss;;Bevölkerung ab 15 J. in Hauptwohnsitzhaushalten;e
2022;Ohne Migrationshintergrund;weiblich;Master;;Bevölkerung ab 15 J. in Hauptwohnsitzhaushalten;e
2022;Deutsche ohne eigene Migrationserfahrung;männlich;Nicht in schulischer oder beruflicher Ausbildung;;Bevölkerung ab 15 J. in Hauptwohnsitzhaushalten;e
2020;Deutsche ohne eigene Migrationserfahrung;weiblich;Mit beruflichem Bildungsabschluss;;Bevölkerung ab 15 J. in Hauptwohnsitzhaushalten;e
2024;Ohne Migrationshintergrund;männlich;Mit beruflichem Bildungsabschluss;;Bevölkerung ab 15 J. in Hauptwohnsitzhaushalten;p
2024;Ausländer ohne eigene Migrationserfahrung;männlich;Bachelor;;Bevölkerung ab 15 J. in Hauptwohnsitzhaushalten;p
2024;Spätaussiedler;weiblich;Lehre / Berufsausbildung;;Bevölkerung ab 15 J. in Hauptwohnsitzhaushalten;p
2024;Deutsche ohne eigene Migrationserfahrung;weiblich;Lehre / Berufsausbildung;;Bevölkerung ab 15 J. in Hauptwohnsitzhaushalten;p
2021;Deutsche ohne eigene Migrationserfahrung;weiblich;Nicht in schulischer oder beruflicher Ausbildung;;Bevölkerung ab 15 J. in Hauptwohnsitzhaushalten;e
2023;Ausländer mit eigener Migrationserfahrung;männlich;Ohne beruflichen Bildungsabschluss;;Bevölkerung ab 15 J. in Hauptwohnsitzhaushalten;e
2024;Deutsche ohne eigene Migrationserfahrung;männlich;Promotion;;Bevölkerung ab 15 J. in Hauptwohnsitzhaushalten;p
2022;Ohne Migrationshintergrund;männlich;Promotion;;Bevölkerung ab 15 J. in Hauptwohnsitzhaushalten;e
2024;Ausländer mit eigener Migrationserfahrung;männlich;Bachelor;;Bevölkerung ab 15 J. in Hauptwohnsitzhaushalten;p
2024;Ohne Migrationshintergrund;weiblich;Ohne beruflichen Bildungsabschluss;;Bevölkerung ab 15 J. in Hauptwohnsitzhaushalten;p
2021;Spätaussiedler;weiblich;Diplom;;Bevölkerung ab 15 J. in Hauptwohnsitzhaushalten;e
2021;Deutsche ohne eigene Migrationserfahrung;männlich;Ohne beruflichen Bildungsabschluss;;Bevölkerung ab 15 J. in Hauptwohnsitzhaushalten;e
2024;Ohne Migrationshintergrund;männlich;Fachschulabschluss;;Bevölkerung ab 15 J. in Hauptwohnsitzhaushalten;p
2023;Mit Migrationshintergrund;männlich;Mit beruflichem Bildungsabschluss;;Bevölkerung ab 15 J. in Hauptwohnsitzhaushalten;e
2021;Spätaussiedler;männlich;Ohne beruflichen Bildungsabschluss;;Bevölkerung ab 15 J. in Hauptwohnsitzhaushalten;e
2024;Spätaussiedler;weiblich;Master;;Bevölkerung ab 15 J. in Hauptwohnsitzhaushalten;p
2023;Mit Migrationshintergrund;männlich;In schulischer oder beruflicher Ausbildung;;Bevölkerung ab 15 J. in Hauptwohnsitzhaushalten;e
2020;Deutsche ohne eigene Migrationserfahrung;weiblich;In schulischer oder beruflicher Ausbildung;;Bevölkerung ab 15 J. in Hauptwohnsitzhaushalten;e
2024;Deutsche ohne eigene Migrationserfahrung;weiblich;Master;;Bevölkerung ab 15 J. in Hauptwohnsitzhaushalten;p
2021;Ausländer ohne eigene Migrationserfahrung;weiblich;Diplom;;Bevölkerung ab 15 J. in Hauptwohnsitzhaushalten;e
2021;Ausländer ohne eigene Migrationserfahrung;männlich;Ohne beruflichen Bildungsabschluss;;Bevölkerung ab 15 J. in Hauptwohnsitzhaushalten;e
2020;Ausländer ohne eigene Migrationserfahrung;weiblich;Promotion;;Bevölkerung ab 15 J. in Hauptwohnsitzhaushalten;
2024;Spätaussiedler;männlich;Bachelor;;Bevölkerung ab 15 J. in Hauptwohnsitzhaushalten;p
2023;Deutsche ohne eigene Migrationserfahrung;weiblich;Akademische Abschlüsse;;Bevölkerung ab 15 J. in Hauptwohnsitzhaushalten;e
2021;Deutsche ohne eigene Migrationserfahrung;weiblich;Diplom;;Bevölkerung ab 15 J. in Hauptwohnsitzhaushalten;e
2021;Ohne Migrationshintergrund;weiblich;Mit beruflichem Bildungsabschluss;;Bevölkerung ab 15 J. in Hauptwohnsitzhaushalten;e
2023;Ausländer ohne eigene Migrationserfahrung;männlich;Mit beruflichem Bildungsabschluss;;Bevölkerung ab 15 J. in Hauptwohnsitzhaushalten;e
2023;Mit Migrationshintergrund;männlich;Fachschulabschluss;;Bevölkerung ab 15 J. in Hauptwohnsitzhaushalten;e
2023;Ohne Migrationshintergrund;männlich;Akademische Abschlüsse;;Bevölkerung ab 15 J. in Hauptwohnsitzhaushalten;e
2023;Mit Migrationshintergrund;weiblich;Ohne beruflichen Bildungsabschluss;;Bevölkerung ab 15 J. in Hauptwohnsitzhaushalten;e
2020;Deutsche ohne eigene Migrationserfahrung;weiblich;Fachschulabschluss;;Bevölkerung ab 15 J. in Hauptwohnsitzhaushalten;e
2020;Spätaussiedler;männlich;In schulischer oder beruflicher Ausbildung;;Bevölkerung ab 15 J. in Hauptwohnsitzhaushalten;e
2020;Deutsche mit eigener Migrationserfahrung;männlich;In schulischer oder beruflicher Ausbildung;;Bevölkerung ab 15 J. in Hauptwohnsitzhaushalten;e
2022;Mit Migrationshintergrund;weiblich;Akademische Abschlüsse;;Bevölkerung ab 15 J. in Hauptwohnsitzhaushalten;e
2023;Ohne Migrationshintergrund;weiblich;Bachelor;;Bevölkerung ab 15 J. in Hauptwohnsitzhaushalten;e
2020;Ausländer ohne eigene Migrationserfahrung;männlich;Akademische Abschlüsse;;Bevölkerung ab 15 J. in Hauptwohnsitzhaushalten;e
2022;Spätaussiedler;männlich;Nicht in schulischer oder beruflicher Ausbildung;;Bevölkerung ab 15 J. in Hauptwohnsitzhaushalten;e
2022;Ausländer ohne eigene Migrationserfahrung;weiblich;Nicht in schulischer oder beruflicher Ausbildung;;Bevölkerung ab 15 J. in Hauptwohnsitzhaushalten;e
2021;Deutsche mit eigener Migrationserfahrung;weiblich;Nicht in schulischer oder beruflicher Ausbildung;;Bevölkerung ab 15 J. in Hauptwohnsitzhaushalten;e
2022;Ohne Migrationshintergrund;weiblich;Ohne beruflichen Bildungsabschluss;;Bevölkerung ab 15 J. in Hauptwohnsitzhaushalten;e
2023;Spätaussiedler;männlich;In schulischer oder beruflicher Ausbildung;;Bevölkerung ab 15 J. in Hauptwohnsitzhaushalten;e
2024;Ohne Migrationshintergrund;weiblich;Akademische Abschlüsse;;Bevölkerung ab 15 J. in Hauptwohnsitzhaushalten;p
2022;Ausländer mit eigener Migrationserfahrung;weiblich;In schulischer oder beruflicher Ausbildung;;Bevölkerung ab 15 J. in Hauptwohnsitzhaushalten;e
2021;Spätaussiedler;männlich;Akademische Abschlüsse;;Bevölkerung ab 15 J. in Hauptwohnsitzhaushalten;e
2020;Ohne Migrationshintergrund;männlich;Mit beruflichem Bildungsabschluss;;Bevölkerung ab 15 J. in Hauptwohnsitzhaushalten;e
2023;Ausländer mit eigener Migrationserfahrung;männlich;Master;;Bevölkerung ab 15 J. in Hauptwohnsitzhaushalten;e
2022;Ohne Migrationshintergrund;weiblich;In schulischer oder beruflicher Ausbildung;;Bevölkerung ab 15 J. in Hauptwohnsitzhaushalten;e
2024;Ausländer ohne eigene Migrationserfahrung;männlich;Diplom;;Bevölkerung ab 15 J. in Hauptwohnsitzhaushalten;p
2022;Ohne Migrationshintergrund;männlich;Fachschulabschluss;;Bevölkerung ab 15 J. in Hauptwohnsitzhaushalten;e
2024;Deutsche ohne eigene Migrationserfahrung;männlich;Bachelor;;Bevölkerung ab 15 J. in Hauptwohnsitzhaushalten;p
2021;Deutsche mit eigener Migrationserfahrung;männlich;Lehre / Berufsausbildung;;Bevölkerung ab 15 J. in Hauptwohnsitzhaushalten;e
2024;Deutsche mit eigener Migrationserfahrung;weiblich;Nicht in schulischer oder beruflicher Ausbildung;;Bevölkerung ab 15 J. in Hauptwohnsitzhaushalten;p
2021;Spätaussiedler;weiblich;Bachelor;;Bevölkerung ab 15 J. in Hauptwohnsitzhaushalten;e
2021;Ohne Migrationshintergrund;weiblich;Fachschulabschluss;;Bevölkerung ab 15 J. in Hauptwohnsitzhaushalten;e
2024;Ausländer mit eigener Migrationserfahrung;männlich;Diplom;;Bevölkerung ab 15 J. in Hauptwohnsitzhaushalten;p
2023;Ausländer ohne eigene Migrationserfahrung;männlich;Fachschulabschluss;;Bevölkerung ab 15 J. in Hauptwohnsitzhaushalten;e
2021;Deutsche ohne eigene Migrationserfahrung;männlich;Master;;Bevölkerung ab 15 J. in Hauptwohnsitzhaushalten;e
2023;Ausländer mit eigener Migrationserfahrung;männlich;Lehre / Berufsausbildung;;Bevölkerung ab 15 J. in Hauptwohnsitzhaushalten;e
2023;Ausländer ohne eigene Migrationserfahrung;weiblich;Ohne beruflichen Bildungsabschluss;;Bevölkerung ab 15 J. in Hauptwohnsitzhaushalten;e
2021;Ausländer ohne eigene Migrationserfahrung;männlich;Master;;Bevölkerung ab 15 J. in Hauptwohnsitzhaushalten;
2022;Ohne Migrationshintergrund;männlich;Mit beruflichem Bildungsabschluss;;Bevölkerung ab 15 J. in Hauptwohnsitzhaushalten;e
2021;Mit Migrationshintergrund;weiblich;Akademische Abschlüsse;;Bevölkerung ab 15 J. in Hauptwohnsitzhaushalten;e
2023;Deutsche ohne eigene Migrationserfahrung;männlich;Fachschulabschluss;;Bevölkerung ab 15 J. in Hauptwohnsitzhaushalten;e
2024;Spätaussiedler;männlich;Promotion;;Bevölkerung ab 15 J. in Hauptwohnsitzhaushalten;p
2023;Mit Migrationshintergrund;männlich;Promotion;;Bevölkerung ab 15 J. in Hauptwohnsitzhaushalten;e
2022;Deutsche mit eigener Migrationserfahrung;männlich;Diplom;;Bevölkerung ab 15 J. in Hauptwohnsitzhaushalten;e
2023;Deutsche ohne eigene Migrationserfahrung;weiblich;Ohne beruflichen Bildungsabschluss;;Bevölkerung ab 15 J. in Hauptwohnsitzhaushalten;e
2022;Mit Migrationshintergrund;weiblich;Ohne beruflichen Bildungsabschluss;;Bevölkerung ab 15 J. in Hauptwohnsitzhaushalten;e
2020;Ausländer ohne eigene Migrationserfahrung;weiblich;Bachelor;;Bevölkerung ab 15 J. in Hauptwohnsitzhaushalten;
2023;Ohne Migrationshintergrund;weiblich;Nicht in schulischer oder beruflicher Ausbildung;;Bevölkerung ab 15 J. in Hauptwohnsitzhaushalten;e
2023;Mit Migrationshintergrund;weiblich;Master;;Bevölkerung ab 15 J. in Hauptwohnsitzhaushalten;e
2024;Mit Migrationshintergrund;männlich;Diplom;;Bevölkerung ab 15 J. in Hauptwohnsitzhaushalten;p
2020;Ohne Migrationshintergrund;weiblich;Akademische Abschlüsse;;Bevölkerung ab 15 J. in Hauptwohnsitzhaushalten;e
2022;Mit Migrationshintergrund;männlich;Fachschulabschluss;;Bevölkerung ab 15 J. in Hauptwohnsitzhaushalten;e
2021;Ausländer ohne eigene Migrationserfahrung;männlich;Lehre / Berufsausbildung;;Bevölkerung ab 15 J. in Hauptwohnsitzhaushalten;e
2024;Spätaussiedler;weiblich;In schulischer oder beruflicher Ausbildung;;Bevölkerung ab 15 J. in Hauptwohnsitzhaushalten;p
2020;Spätaussiedler;weiblich;Mit beruflichem Bildungsabschluss;;Bevölkerung ab 15 J. in Hauptwohnsitzhaushalten;e
2020;Ohne Migrationshintergrund;männlich;In schulischer oder beruflicher Ausbildung;;Bevölkerung ab 15 J. in Hauptwohnsitzhaushalten;e
2021;Ausländer mit eigener Migrationserfahrung;weiblich;Nicht in schulischer oder beruflicher Ausbildung;;Bevölkerung ab 15 J. in Hauptwohnsitzhaushalten;e
2020;Deutsche ohne eigene Migrationserfahrung;weiblich;Promotion;;Bevölkerung ab 15 J. in Hauptwohnsitzhaushalten;e
2023;Deutsche ohne eigene Migrationserfahrung;männlich;Mit beruflichem Bildungsabschluss;;Bevölkerung ab 15 J. in Hauptwohnsitzhaushalten;e
2020;Deutsche mit eigener Migrationserfahrung;männlich;Diplom;;Bevölkerung ab 15 J. in Hauptwohnsitzhaushalten;e
2023;Ohne Migrationshintergrund;weiblich;Promotion;;Bevölkerung ab 15 J. in Hauptwohnsitzhaushalten;e
2023;Spätaussiedler;weiblich;Akademische Abschlüsse;;Bevölkerung ab 15 J. in Hauptwohnsitzhaushalten;e
2023;Mit Migrationshintergrund;weiblich;Lehre / Berufsausbildung;;Bevölkerung ab 15 J. in Hauptwohnsitzhaushalten;e
2022;Mit Migrationshintergrund;männlich;Mit beruflichem Bildungsabschluss;;Bevölkerung ab 15 J. in Hauptwohnsitzhaushalten;e
2020;Ausländer mit eigener Migrationserfahrung;männlich;Diplom;;Bevölkerung ab 15 J. in Hauptwohnsitzhaushalten;e
